follower_id,following_id,created_at
843,280,2023-09-30
962,609,2023-03-19
47,718,2022-09-23
795,203,2023-03-28
625,466,2023-01-21
571,495,2023-07-05
392,264,2024-05-25
171,116,2022-09-13
557,331,2023-10-24
621,581,2022-09-27
318,580,2023-03-25
15,542,2025-02-03
581,136,2022-08-21
446,91,2024-02-16
313,730,2024-07-03
672,25,2022-09-28
632,855,2022-06-17
828,501,2025-05-30
784,86,2022-06-29
594,334,2023-06-09
828,272,2023-05-17
973,776,2024-11-08
63,326,2024-02-28
200,35,2023-07-31
642,676,2022-08-31
663,470,2022-12-21
782,799,2024-05-13
788,730,2023-12-14
879,323,2024-01-23
206,374,2025-05-20
19,368,2022-09-30
318,701,2024-07-03
454,296,2022-12-02
671,968,2023-07-31
254,945,2022-12-26
41,572,2023-10-12
529,884,2024-12-29
148,518,2024-10-09
430,204,2023-12-24
464,117,2024-11-24
39,611,2023-10-16
657,395,2024-04-27
956,579,2025-04-06
736,539,2025-02-13
687,912,2024-11-01
594,455,2022-10-25
118,346,2025-04-04
531,930,2025-04-05
929,445,2022-10-12
721,416,2024-07-03
283,599,2024-03-23
607,165,2022-12-16
994,282,2022-10-03
760,115,2023-01-13
113,533,2022-12-03
914,173,2024-04-18
899,44,2023-06-20
745,135,2023-10-27
295,15,2024-06-06
432,807,2024-12-13
365,488,2024-10-22
447,149,2025-04-15
343,357,2024-06-17
957,808,2022-08-26
465,611,2023-03-12
988,652,2022-11-17
498,608,2025-05-03
427,993,2023-12-05
294,729,2024-11-02
907,398,2022-07-31
569,668,2022-08-19
731,209,2025-05-27
154,197,2023-11-24
888,650,2024-12-26
211,551,2024-06-07
157,580,2024-09-20
807,576,2024-03-24
623,904,2024-12-31
53,114,2022-09-23
107,759,2024-06-02
645,663,2025-03-11
801,273,2024-02-23
557,550,2024-07-24
30,884,2024-01-08
945,546,2024-09-22
878,227,2024-05-20
855,738,2023-04-21
547,622,2022-11-11
28,731,2024-09-29
514,445,2023-05-03
363,950,2024-05-02
356,825,2023-09-02
240,205,2023-08-03
80,741,2023-12-05
350,373,2023-12-06
758,576,2023-06-03
231,156,2023-11-28
991,927,2023-08-16
373,734,2023-12-13
881,912,2024-10-24
920,903,2023-04-26
809,249,2024-07-04
117,665,2022-08-15
451,690,2024-12-13
830,192,2023-01-08
283,697,2022-09-21
765,700,2025-02-17
72,922,2024-09-12
139,912,2024-03-03
523,529,2022-12-23
228,761,2023-05-25
404,200,2022-08-07
425,143,2022-07-16
745,642,2025-05-10
257,150,2023-08-11
112,586,2023-07-06
913,226,2024-01-26
688,782,2024-12-04
258,640,2024-07-04
76,483,2023-10-04
810,70,2023-12-25
964,128,2025-01-01
956,124,2023-12-25
298,38,2024-07-01
100,468,2022-08-04
138,351,2023-02-06
281,888,2023-10-30
696,987,2023-01-05
503,821,2023-02-13
274,620,2023-06-02
3,126,2024-08-06
241,443,2023-12-10
729,755,2024-03-02
709,926,2024-04-17
207,450,2022-08-04
324,706,2023-08-08
83,500,2025-02-26
719,561,2022-10-21
414,865,2023-04-30
515,831,2025-03-03
792,551,2024-06-07
264,166,2025-03-15
684,460,2023-06-13
329,412,2022-12-27
361,364,2023-08-17
715,447,2023-02-21
19,106,2025-03-17
954,729,2023-08-30
168,723,2022-12-03
987,497,2024-04-02
718,638,2024-04-27
487,705,2023-03-25
929,821,2025-03-22
975,150,2024-06-30
1000,701,2024-08-02
17,38,2025-02-28
454,793,2023-05-21
502,195,2025-04-11
258,509,2024-06-01
490,895,2025-03-13
114,873,2023-09-07
994,285,2022-06-27
172,814,2024-12-04
518,176,2023-08-03
711,454,2024-12-25
409,269,2023-01-09
467,768,2024-10-17
563,327,2023-03-20
508,540,2022-06-27
938,353,2024-07-14
890,313,2022-07-31
391,629,2024-10-03
641,246,2022-11-04
35,436,2024-07-10
945,657,2022-09-01
819,289,2022-10-19
168,62,2022-12-07
954,971,2024-10-30
642,476,2022-08-27
900,1000,2024-01-25
279,424,2022-12-16
243,730,2024-09-04
951,328,2025-04-28
588,276,2024-08-07
622,89,2024-07-16
482,752,2023-04-24
485,120,2023-04-25
668,879,2025-01-08
300,483,2023-03-29
703,342,2024-09-27
158,628,2023-08-22
893,997,2025-02-10
905,68,2023-01-23
702,383,2022-09-18
592,511,2024-12-29
42,453,2023-01-22
654,306,2024-01-04
660,237,2022-07-25
193,914,2023-11-22
627,60,2022-10-16
541,20,2022-07-27
894,324,2023-08-15
693,5,2022-09-15
941,893,2024-07-15
371,628,2022-08-28
803,285,2023-10-06
330,776,2023-07-27
962,687,2024-09-02
68,361,2023-10-13
950,978,2024-10-05
322,363,2024-06-11
784,308,2023-12-19
982,638,2025-05-19
783,163,2024-10-05
769,265,2024-08-18
700,723,2022-08-02
801,626,2022-07-01
638,748,2022-11-30
774,114,2025-01-12
197,102,2023-03-17
725,487,2022-12-25
44,763,2023-11-04
540,850,2025-02-28
564,390,2022-08-16
73,561,2023-08-06
646,868,2025-04-18
575,399,2023-12-22
446,663,2023-02-17
795,402,2024-05-03
500,405,2023-06-19
1,721,2024-08-14
877,212,2022-07-13
259,199,2023-10-11
92,22,2024-12-26
639,420,2024-04-05
637,639,2023-04-27
776,425,2022-12-09
234,142,2024-02-05
346,432,2023-05-30
907,499,2022-10-16
971,929,2022-08-26
167,875,2024-01-04
873,214,2022-07-05
459,983,2024-08-13
195,299,2024-08-17
991,727,2023-06-03
870,617,2022-07-28
116,909,2025-02-28
887,32,2024-07-05
701,925,2022-06-22
99,182,2022-06-19
216,767,2022-08-19
752,73,2023-08-14
806,718,2024-02-27
513,990,2025-01-10
946,612,2024-09-28
929,114,2022-07-24
674,907,2024-02-03
681,49,2022-07-07
799,413,2024-12-05
904,466,2023-11-20
766,236,2024-03-03
66,270,2023-08-13
444,859,2024-07-06
894,687,2023-08-13
283,533,2025-03-09
515,919,2023-03-03
350,294,2023-12-05
338,994,2023-03-17
867,175,2025-05-25
544,159,2024-05-13
748,749,2023-11-23
441,332,2025-02-24
586,799,2023-10-26
208,884,2025-02-03
653,331,2023-02-16
176,672,2023-04-26
500,238,2024-08-25
24,129,2025-05-06
817,848,2023-08-15
213,819,2023-03-24
312,941,2022-12-08
701,902,2024-09-04
163,998,2023-10-02
346,445,2023-05-10
882,568,2022-08-01
311,487,2023-09-08
223,603,2025-02-04
230,499,2025-01-04
597,701,2025-06-02
909,558,2022-10-31
982,628,2024-05-02
348,899,2023-01-30
789,233,2023-09-03
295,744,2025-02-08
376,180,2023-11-02
703,309,2023-10-24
184,504,2025-04-24
663,93,2023-11-06
368,999,2023-06-21
291,221,2024-06-14
764,670,2022-11-08
659,388,2024-01-17
397,239,2023-03-12
346,831,2024-08-04
726,298,2024-02-28
901,150,2025-04-20
411,57,2024-08-23
162,256,2024-10-22
844,290,2023-07-19
450,888,2023-11-05
923,205,2025-01-16
131,497,2024-10-31
397,504,2023-07-31
122,677,2023-05-18
223,351,2023-08-20
713,215,2023-11-13
766,370,2024-01-31
310,90,2023-10-24
937,597,2025-03-03
450,250,2025-04-28
840,930,2025-01-24
99,172,2023-09-10
383,605,2023-01-20
893,676,2023-06-21
513,800,2025-02-15
148,213,2024-06-07
182,700,2025-04-08
549,902,2023-10-02
511,381,2025-04-14
985,795,2022-07-12
165,876,2023-01-28
186,819,2024-02-27
474,728,2022-12-21
442,138,2025-05-29
829,547,2024-06-30
711,146,2024-10-06
83,843,2024-05-18
392,695,2024-03-07
697,922,2024-11-09
186,855,2022-11-28
382,501,2023-05-28
228,443,2023-03-12
841,786,2024-09-02
164,687,2024-09-28
901,837,2023-12-01
150,789,2024-04-14
134,781,2024-09-29
855,312,2024-01-18
344,474,2024-05-04
772,543,2022-07-24
232,4,2022-09-30
469,505,2022-08-26
548,798,2022-07-09
234,230,2025-03-20
773,99,2025-01-23
200,466,2023-06-14
60,306,2022-09-22
404,641,2025-04-01
689,136,2023-07-11
705,718,2024-09-07
842,378,2025-04-30
297,664,2023-05-19
336,506,2022-08-27
456,800,2024-04-29
873,302,2023-05-27
621,904,2025-03-03
811,619,2023-10-18
194,422,2023-06-22
545,91,2022-12-25
548,654,2023-05-14
908,817,2024-11-11
180,115,2022-12-08
716,238,2025-02-05
204,472,2022-12-11
702,340,2022-10-23
668,198,2025-03-09
325,353,2023-09-08
90,221,2024-02-21
842,234,2024-05-05
365,160,2024-07-22
443,754,2023-04-20
217,936,2024-12-31
750,496,2023-03-16
800,991,2022-10-18
526,608,2025-04-17
783,938,2025-03-08
165,71,2022-09-30
661,158,2022-07-29
49,305,2025-02-04
536,801,2023-11-16
605,263,2023-11-20
669,656,2024-10-03
734,673,2024-03-19
691,37,2025-06-02
695,565,2023-07-18
290,925,2023-10-12
584,814,2024-03-03
517,824,2023-10-19
789,200,2022-07-07
806,518,2023-12-06
134,385,2024-06-21
990,864,2023-06-27
224,916,2023-06-23
32,486,2022-09-17
504,970,2023-07-26
584,850,2022-12-27
447,207,2024-04-29
587,101,2024-06-27
527,199,2025-03-16
101,436,2022-10-15
62,365,2025-04-05
809,788,2025-05-03
141,429,2023-01-18
183,246,2024-05-11
804,364,2023-05-02
812,39,2024-10-31
716,480,2024-10-25
103,811,2023-07-09
334,186,2025-05-28
139,993,2023-12-10
991,190,2024-04-27
496,742,2024-03-23
99,548,2025-06-06
340,574,2023-07-21
265,809,2023-03-19
675,564,2023-12-30
673,783,2025-05-27
919,961,2025-03-03
608,245,2022-07-11
648,52,2023-05-31
100,778,2022-12-15
606,995,2024-05-27
160,5,2024-07-22
684,11,2023-03-31
943,500,2025-06-11
715,227,2023-06-20
421,949,2023-04-11
617,744,2025-06-10
524,287,2024-06-04
745,255,2024-06-07
142,896,2023-06-15
819,995,2022-07-20
339,241,2025-01-26
912,777,2025-03-27
157,121,2022-06-27
850,573,2024-03-05
886,230,2023-05-13
901,130,2023-01-20
140,297,2023-11-13
17,492,2023-08-15
901,804,2024-07-17
941,840,2023-04-08
1,776,2023-08-01
143,451,2023-07-23
114,653,2023-12-29
382,733,2025-06-09
142,343,2023-09-24
289,276,2024-07-30
792,488,2022-11-08
4,638,2023-06-30
383,140,2023-03-29
824,291,2023-01-13
981,95,2023-04-20
606,743,2022-09-15
918,155,2023-10-22
398,677,2024-06-21
421,23,2024-11-14
152,127,2025-03-13
914,450,2025-01-15
344,68,2025-02-21
619,7,2022-07-11
266,643,2022-11-03
136,713,2024-09-28
482,267,2023-03-09
414,20,2022-12-27
536,912,2022-08-26
340,708,2024-03-03
500,846,2023-03-02
100,467,2022-09-19
974,91,2022-09-06
503,326,2024-08-16
531,16,2024-08-31
822,488,2023-06-24
823,453,2025-03-08
185,425,2022-09-01
735,340,2024-03-15
855,256,2025-05-09
353,9,2025-05-13
541,883,2024-05-07
839,397,2023-06-13
801,959,2024-06-13
535,431,2024-04-17
793,955,2022-08-16
630,174,2022-11-15
332,709,2025-03-18
242,178,2025-03-27
425,377,2023-01-05
583,62,2024-08-11
126,869,2022-09-24
605,495,2023-10-03
491,473,2024-07-06
744,653,2023-02-01
23,893,2024-08-09
929,964,2023-08-14
812,150,2024-05-01
124,716,2023-01-13
56,661,2024-11-28
713,702,2024-07-31
411,629,2023-12-10
959,843,2024-07-29
725,676,2023-11-12
847,144,2024-08-25
193,815,2024-03-25
684,495,2025-01-14
548,863,2023-10-13
682,714,2023-12-24
181,432,2022-09-11
418,116,2025-05-18
954,993,2023-03-31
694,688,2025-02-02
965,285,2024-03-07
354,360,2023-01-09
777,988,2022-10-29
631,754,2024-09-27
303,165,2023-01-08
980,264,2025-01-01
432,50,2024-09-21
381,313,2023-02-20
814,726,2023-08-22
147,146,2024-12-18
496,30,2023-05-07
720,682,2023-09-10
903,309,2024-05-18
391,543,2023-02-10
677,986,2023-03-18
873,403,2023-06-28
714,379,2023-03-06
9,69,2022-06-23
624,485,2025-02-16
835,31,2024-07-04
985,464,2023-04-20
889,905,2022-12-09
692,211,2022-08-22
878,72,2023-12-09
162,805,2025-03-01
127,698,2022-08-21
601,883,2024-09-21
906,585,2023-09-30
485,34,2024-06-23
157,52,2025-02-24
92,597,2023-10-17
131,588,2025-05-21
152,382,2024-06-24
432,665,2023-05-30
672,534,2024-10-08
600,249,2025-03-14
54,341,2024-07-20
198,843,2024-04-09
40,406,2025-05-02
475,334,2024-02-29
92,453,2024-08-20
682,547,2023-05-31
584,915,2023-07-13
172,67,2024-11-20
414,95,2023-07-27
911,901,2023-05-11
634,98,2023-12-04
472,365,2024-02-04
985,850,2024-09-09
538,310,2023-02-21
996,105,2022-12-19
742,863,2024-07-12
899,252,2023-09-08
34,368,2025-02-04
848,881,2023-06-06
641,631,2024-11-04
158,663,2025-04-16
292,663,2023-08-31
568,418,2025-01-23
488,309,2023-11-06
782,935,2022-11-30
761,58,2024-09-01
252,855,2023-08-12
771,517,2025-04-21
499,812,2025-01-28
703,233,2024-10-26
573,532,2023-08-08
824,114,2025-01-24
819,939,2022-11-26
651,946,2023-07-21
854,402,2023-10-05
511,557,2024-11-27
437,757,2025-03-04
765,702,2022-11-28
462,930,2025-04-17
970,88,2023-02-08
788,48,2022-07-03
607,265,2023-11-15
818,714,2023-04-08
778,641,2023-01-18
536,470,2023-12-13
104,813,2022-12-06
141,206,2024-12-11
400,317,2025-01-06
504,783,2023-04-16
275,960,2023-01-10
733,755,2024-04-11
348,944,2023-12-15
642,79,2023-10-05
371,110,2025-01-04
271,172,2023-12-02
616,615,2024-06-14
315,129,2023-07-08
839,135,2022-10-10
350,990,2025-04-25
555,376,2024-07-28
694,534,2024-04-12
237,704,2022-11-18
279,292,2024-01-05
592,752,2023-12-09
480,282,2023-02-08
927,513,2023-12-05
500,31,2025-04-29
596,493,2024-05-08
963,695,2023-06-22
122,228,2023-05-22
735,837,2024-04-23
561,535,2024-04-16
330,114,2024-04-02
501,670,2024-01-17
427,455,2023-06-24
115,714,2023-07-30
382,798,2024-07-09
856,80,2022-11-03
290,306,2024-02-25
988,199,2023-11-16
295,272,2022-07-05
437,96,2023-07-26
880,28,2023-03-12
691,766,2025-04-16
270,593,2024-07-09
38,207,2025-03-09
217,209,2025-03-01
885,488,2024-05-10
282,338,2025-02-28
729,469,2023-11-19
828,591,2023-04-19
430,847,2023-06-24
63,645,2024-11-02
827,812,2024-07-20
506,311,2025-02-28
727,545,2025-05-09
688,208,2024-10-19
979,680,2024-03-04
455,760,2025-03-10
759,497,2024-07-31
708,940,2024-04-13
72,613,2024-11-23
93,407,2023-03-16
895,537,2024-02-23
499,308,2025-02-16
266,106,2023-05-25
370,572,2025-02-05
518,407,2023-08-11
298,138,2022-11-25
670,684,2023-06-03
508,771,2024-01-17
749,568,2023-11-05
854,621,2025-02-26
900,737,2025-04-19
845,801,2024-08-21
448,82,2022-08-28
308,862,2023-08-16
316,457,2023-01-13
524,77,2024-10-06
936,696,2024-08-04
121,892,2023-07-19
73,586,2024-10-15
253,782,2023-11-17
368,769,2023-02-15
30,853,2022-06-19
319,727,2023-07-11
9,13,2024-04-26
707,872,2024-02-21
728,666,2024-10-21
351,945,2025-04-29
93,155,2023-11-29
97,534,2023-05-26
397,912,2025-02-08
677,63,2023-01-21
701,649,2024-11-20
746,800,2023-01-08
664,93,2025-03-24
241,664,2024-04-09
729,976,2023-05-05
476,567,2022-08-21
931,702,2025-02-09
677,328,2024-01-10
260,268,2023-12-20
774,489,2023-03-15
288,861,2023-08-02
706,620,2024-07-22
326,70,2025-01-05
900,485,2023-05-08
207,936,2023-01-25
5,572,2023-05-06
88,198,2022-07-17
422,452,2024-05-21
195,144,2023-09-20
791,169,2023-07-25
649,988,2024-10-13
132,878,2025-06-08
744,731,2023-10-18
227,621,2023-08-08
835,132,2022-12-05
656,655,2023-10-15
423,267,2023-05-26
309,431,2025-04-07
611,238,2023-10-28
921,135,2023-01-18
378,116,2024-04-10
79,872,2023-04-24
628,556,2024-03-19
979,634,2023-06-04
966,960,2022-07-04
134,924,2022-08-12
372,487,2023-06-08
811,3,2023-11-20
543,863,2022-11-18
715,969,2024-12-13
224,997,2023-08-01
864,769,2022-07-13
643,721,2023-10-04
433,582,2023-06-05
993,16,2022-12-28
261,884,2024-04-17
586,415,2024-09-26
706,368,2024-05-21
499,118,2023-06-06
141,330,2024-09-22
781,627,2022-07-29
671,1,2023-12-28
561,358,2024-08-16
847,572,2024-08-06
742,290,2023-12-12
674,6,2025-03-27
918,632,2022-11-16
665,415,2022-10-06
808,909,2022-12-12
39,547,2024-08-06
862,471,2022-09-24
315,976,2023-07-15
632,274,2023-07-12
82,216,2022-09-12
76,56,2023-06-27
781,519,2022-08-31
494,160,2023-08-29
58,273,2022-08-23
369,574,2023-09-15
855,288,2024-10-28
630,615,2024-07-16
347,821,2024-02-06
655,937,2022-09-22
625,91,2023-01-29
890,282,2022-12-07
411,805,2024-09-28
307,864,2025-01-23
772,555,2023-02-20
603,597,2022-08-16
898,551,2024-07-04
261,488,2022-07-12
954,37,2024-05-20
152,581,2024-07-19
217,827,2023-11-22
800,882,2022-08-01
98,610,2024-09-24
558,711,2025-04-22
92,158,2025-04-27
547,293,2022-11-13
492,357,2023-06-01
363,621,2023-08-14
690,750,2024-05-11
956,757,2023-08-23
88,273,2023-12-27
395,195,2023-04-29
47,6,2022-07-11
869,609,2024-08-07
493,587,2023-09-13
527,234,2022-08-29
675,69,2023-01-21
215,493,2022-07-25
857,634,2023-02-22
706,93,2023-12-06
655,914,2023-07-03
889,852,2022-09-12
989,790,2025-02-06
539,819,2023-12-26
464,825,2024-12-10
576,212,2023-08-25
932,139,2022-11-29
44,202,2022-06-24
3,350,2024-05-03
860,645,2024-04-28
471,455,2023-04-03
381,790,2023-07-31
297,568,2023-08-15
189,211,2024-12-16
925,774,2024-09-19
951,912,2023-03-23
39,681,2023-01-16
912,426,2025-02-24
185,735,2023-08-20
744,433,2024-05-28
621,399,2023-10-24
288,864,2023-10-17
662,400,2025-05-11
572,772,2024-06-21
419,264,2024-10-06
844,148,2023-01-26
608,280,2022-10-17
328,146,2023-08-14
756,35,2022-10-10
240,936,2025-04-03
957,842,2023-01-27
278,145,2024-09-25
652,472,2024-08-30
65,675,2023-05-09
123,387,2024-07-10
164,388,2023-02-05
586,297,2024-03-27
137,142,2023-05-14
422,311,2023-11-06
291,219,2024-05-26
312,30,2023-02-22
822,101,2025-02-15
955,136,2024-12-26
916,553,2023-02-08
77,770,2022-07-12
131,512,2022-06-29
908,698,2024-12-11
164,280,2025-01-13
87,671,2023-01-28
494,909,2025-04-18
239,948,2023-08-15
127,478,2023-06-09
297,172,2025-05-29
755,721,2024-04-05
338,927,2022-12-14
543,313,2023-12-06
702,715,2024-02-20
732,63,2023-04-24
235,834,2025-06-01
122,548,2025-01-10
666,383,2023-03-15
970,120,2024-04-21
663,723,2025-02-09
211,742,2025-01-05
391,938,2024-04-24
751,198,2025-01-10
673,916,2025-04-18
725,963,2025-03-31
577,799,2023-05-14
916,265,2023-08-08
534,349,2024-02-28
160,776,2022-12-07
502,805,2022-08-13
134,495,2023-02-06
854,964,2023-01-11
688,672,2023-09-22
929,469,2025-01-31
182,571,2022-09-07
476,789,2023-09-16
847,287,2022-07-10
636,890,2024-10-07
372,143,2025-02-24
313,911,2023-05-13
73,484,2023-03-30
10,873,2025-03-31
107,397,2025-02-12
611,159,2024-11-09
889,698,2023-01-26
589,257,2025-03-19
954,907,2024-09-08
250,562,2024-07-02
443,877,2022-07-19
832,801,2025-04-01
914,462,2023-11-20
332,106,2022-07-01
381,636,2022-09-18
407,774,2023-02-28
80,379,2025-01-24
425,154,2024-03-12
812,185,2024-02-16
668,586,2023-04-07
549,220,2024-07-25
399,690,2023-11-23
776,348,2024-08-25
344,754,2022-12-01
120,43,2022-08-26
88,11,2024-06-28
71,187,2022-07-18
673,255,2023-12-13
790,840,2024-12-12
316,512,2023-09-11
781,54,2025-05-17
569,463,2024-03-09
765,109,2022-08-03
566,803,2022-08-24
539,786,2024-10-06
982,718,2023-04-19
94,844,2023-04-20
928,481,2023-11-23
566,394,2024-11-10
353,21,2022-07-12
99,779,2023-04-10
250,45,2025-01-26
205,797,2023-02-28
893,380,2023-10-19
531,293,2022-06-18
644,313,2024-05-28
580,823,2025-01-28
348,171,2024-12-17
589,5,2023-10-06
865,992,2025-04-24
809,8,2023-12-03
755,37,2023-02-24
547,8,2024-12-31
486,141,2022-08-06
123,89,2023-07-19
124,54,2024-04-01
886,111,2023-10-29
533,747,2023-11-15
241,81,2022-12-12
340,432,2024-06-06
384,804,2023-07-27
883,222,2024-02-09
979,833,2022-11-22
93,740,2024-08-29
42,137,2023-07-01
171,925,2022-12-23
109,47,2023-08-30
630,307,2023-11-10
998,474,2023-07-01
675,458,2023-05-02
719,873,2024-11-24
946,18,2024-09-16
403,673,2023-12-09
374,875,2024-01-31
389,595,2023-07-15
999,109,2023-10-02
96,787,2024-04-05
755,423,2025-02-09
43,595,2023-06-15
215,329,2023-07-14
197,918,2023-11-09
93,223,2024-09-19
874,788,2025-01-15
747,833,2022-12-13
909,337,2022-08-01
859,745,2023-12-22
672,510,2025-01-13
321,990,2024-05-01
323,505,2024-04-02
56,12,2024-01-29
353,793,2024-12-13
702,947,2022-12-07
595,555,2024-11-07
960,159,2022-11-15
199,326,2024-11-26
664,17,2023-01-27
397,427,2024-07-14
816,968,2022-09-13
335,515,2023-09-18
841,58,2022-10-16
396,382,2023-12-17
220,385,2022-08-01
329,63,2022-10-07
656,278,2022-06-20
789,313,2025-04-05
509,933,2024-06-13
357,619,2022-12-13
834,464,2023-02-19
296,789,2024-08-01
856,223,2023-06-18
662,92,2022-10-22
349,944,2024-08-26
971,24,2024-11-05
255,379,2024-02-07
36,75,2023-08-22
529,731,2024-06-04
661,127,2023-08-20
939,486,2024-03-09
742,466,2024-09-14
712,703,2024-07-08
683,151,2025-06-02
862,382,2023-02-18
270,507,2024-05-21
498,514,2022-12-03
981,110,2024-07-15
319,628,2024-09-18
914,20,2024-08-08
662,622,2025-02-18
127,49,2025-05-13
461,303,2024-11-08
285,635,2023-12-10
642,235,2025-03-15
993,578,2024-07-16
379,944,2023-05-17
955,57,2024-09-21
306,694,2023-05-13
798,110,2023-01-31
206,198,2024-05-15
184,296,2025-04-23
833,476,2023-01-11
711,599,2022-07-03
448,405,2023-05-06
510,237,2023-01-28
424,951,2024-12-09
17,713,2024-06-30
941,832,2022-08-28
863,733,2023-10-25
64,379,2022-10-24
626,677,2025-04-16
283,832,2024-06-10
721,420,2022-06-27
295,428,2024-03-31
68,349,2023-06-27
550,538,2023-07-31
785,441,2023-05-14
174,516,2024-04-24
698,144,2025-03-19
771,277,2024-05-12
767,652,2024-03-27
728,544,2024-06-29
133,106,2025-05-21
884,154,2023-12-15
934,649,2023-07-06
324,985,2023-03-23
873,935,2023-11-17
422,245,2024-11-06
81,998,2024-09-18
960,149,2024-10-06
853,840,2023-09-22
549,20,2024-03-20
987,511,2025-02-05
889,354,2025-04-21
6,824,2024-07-05
97,39,2025-06-10
424,434,2023-08-06
265,935,2025-05-06
512,138,2024-09-24
93,563,2022-09-19
773,588,2023-03-19
870,520,2022-09-24
561,259,2023-03-11
42,225,2024-12-12
583,692,2024-05-07
629,659,2022-09-27
933,167,2023-08-06
57,762,2023-06-20
487,575,2024-04-07
827,6,2023-11-12
874,984,2023-06-04
826,944,2024-02-11
665,761,2024-07-26
168,858,2023-10-23
891,170,2024-04-18
473,411,2022-09-28
191,204,2024-07-04
505,629,2024-03-27
64,392,2024-06-25
245,553,2022-07-16
212,147,2023-12-22
157,211,2022-08-30
556,711,2022-12-31
722,69,2023-04-13
985,708,2024-02-25
79,112,2024-11-10
822,830,2024-01-24
609,457,2024-08-17
814,597,2023-03-20
570,874,2022-10-22
791,842,2024-01-03
766,669,2022-12-23
593,369,2023-10-24
290,331,2025-01-06
763,780,2022-07-29
120,265,2024-04-04
36,680,2023-09-26
87,991,2024-07-07
505,521,2025-05-12
239,859,2022-09-08
140,508,2023-11-26
320,704,2023-03-15
5,463,2023-08-14
6,428,2024-09-09
862,758,2024-06-01
424,941,2022-12-26
676,488,2023-08-02
655,465,2023-05-13
428,911,2023-02-15
485,399,2025-01-19
842,291,2024-03-16
389,840,2023-12-08
283,413,2024-08-06
803,708,2024-11-18
149,184,2025-04-20
122,230,2022-10-21
676,524,2022-12-13
876,549,2022-11-07
906,312,2025-05-23
947,838,2024-04-09
156,717,2022-07-11
850,231,2023-12-11
310,546,2024-11-02
158,269,2023-09-30
539,226,2024-07-31
138,31,2025-02-23
933,265,2023-07-24
677,196,2024-02-01
455,232,2023-09-17
549,10,2022-07-22
272,376,2023-10-07
593,611,2024-07-24
966,707,2022-08-28
13,710,2022-09-19
632,273,2025-02-02
547,989,2024-06-13
169,283,2023-11-18
134,442,2023-12-23
39,582,2023-03-09
739,27,2025-03-28
497,85,2022-11-13
6,405,2022-07-12
842,677,2022-09-18
901,583,2023-01-06
364,229,2023-01-17
499,45,2024-06-08
429,624,2024-02-04
400,826,2024-02-16
899,244,2023-11-21
615,485,2025-05-15
358,829,2024-06-04
586,836,2024-03-15
918,114,2022-10-20
267,153,2022-07-29
707,717,2023-01-23
472,851,2023-05-11
110,498,2024-09-11
674,162,2023-08-18
161,809,2023-07-28
984,208,2023-12-27
795,43,2022-06-29
504,883,2024-01-11
536,835,2023-04-03
974,423,2024-01-18
95,455,2023-05-14
365,50,2024-11-21
56,872,2023-06-01
664,383,2023-03-10
13,422,2023-11-24
371,884,2023-02-05
253,254,2024-06-12
54,948,2023-11-22
993,967,2023-02-05
400,273,2022-12-21
589,60,2024-02-12
981,584,2024-05-03
966,684,2025-01-12
393,5,2022-09-01
294,700,2024-06-16
932,691,2025-01-11
373,993,2022-11-22
476,677,2024-09-26
104,805,2023-11-21
99,461,2025-06-04
94,117,2022-09-03
536,462,2022-12-13
289,176,2024-05-03
510,181,2023-09-12
520,225,2024-05-01
477,641,2025-04-08
562,456,2024-12-09
840,846,2023-09-04
349,83,2024-09-17
103,845,2022-08-02
999,982,2023-06-02
265,349,2023-08-22
468,974,2023-01-13
577,615,2024-08-20
291,258,2023-07-30
320,959,2023-10-22
919,730,2024-12-18
132,759,2023-02-17
180,656,2025-03-06
368,627,2023-11-23
561,756,2025-04-21
678,258,2023-12-26
938,334,2023-09-04
396,51,2025-01-26
118,186,2024-05-12
205,191,2023-03-07
37,198,2024-01-08
41,497,2023-12-12
994,351,2022-09-06
997,914,2024-04-03
391,201,2023-09-16
809,714,2024-02-21
95,59,2024-07-27
312,582,2024-10-14
280,370,2024-10-10
636,297,2022-07-29
210,534,2023-04-16
213,51,2023-04-19
112,148,2024-05-28
787,466,2025-06-01
680,340,2023-06-25
227,852,2024-12-18
677,451,2024-04-09
868,131,2025-03-19
100,439,2025-01-08
605,166,2023-11-13
882,703,2023-12-02
89,509,2024-09-23
837,143,2024-12-22
832,702,2024-03-23
315,592,2024-02-19
887,409,2024-07-02
754,145,2024-04-02
204,87,2024-10-24
303,209,2022-11-13
711,412,2023-06-20
981,44,2024-07-12
139,366,2025-05-19
914,628,2024-01-20
987,612,2024-04-21
23,191,2022-08-23
775,433,2024-05-05
284,232,2025-04-04
691,470,2025-01-29
350,406,2024-03-28
17,117,2023-02-20
539,867,2025-03-27
416,122,2023-06-06
517,174,2023-03-05
650,209,2023-01-11
10,486,2025-05-16
110,573,2023-01-12
125,998,2023-06-18
893,690,2024-06-26
331,163,2023-04-17
701,111,2024-04-01
682,915,2024-06-18
993,548,2023-01-08
652,484,2024-04-17
502,539,2024-10-25
721,992,2024-11-11
668,608,2024-07-09
435,220,2023-01-10
949,441,2024-07-06
547,318,2024-08-05
116,360,2024-02-11
454,764,2023-01-26
758,501,2023-11-05
670,388,2024-01-07
99,536,2022-10-22
261,369,2024-08-16
461,394,2023-05-01
410,986,2023-03-13
438,905,2024-04-01
657,189,2024-05-10
196,734,2023-06-20
479,677,2025-02-12
267,120,2024-11-19
87,827,2023-07-31
162,512,2023-08-19
576,875,2024-08-09
647,32,2025-04-03
927,315,2023-11-01
948,109,2023-06-25
201,211,2023-03-22
767,851,2022-09-02
703,421,2022-10-30
534,649,2023-08-02
788,7,2024-02-09
688,69,2023-08-20
86,867,2022-08-27
494,692,2024-11-21
43,2,2023-03-22
426,823,2023-12-10
958,567,2025-04-05
776,527,2024-02-09
414,440,2024-12-01
472,939,2023-12-28
678,104,2023-09-19
241,103,2023-04-03
460,556,2025-05-26
769,488,2024-05-04
714,701,2023-12-04
445,427,2022-10-12
340,899,2023-10-08
805,819,2023-05-25
10,993,2022-11-16
503,517,2022-10-28
235,208,2024-09-26
147,324,2025-06-09
419,783,2022-07-30
828,573,2022-09-01
934,66,2022-10-11
607,345,2024-01-23
653,312,2022-11-02
272,212,2022-09-29
420,110,2024-09-07
941,370,2023-09-22
573,203,2022-07-29
531,472,2024-06-08
938,710,2022-08-20
618,620,2022-10-16
154,485,2025-05-21
940,262,2024-08-12
533,661,2023-04-23
554,455,2023-03-06
116,867,2023-02-12
321,253,2024-04-07
958,279,2024-09-16
505,828,2025-03-28
626,709,2023-07-08
604,47,2023-03-02
636,902,2022-07-11
528,811,2024-03-17
663,627,2024-09-28
67,373,2022-12-21
754,894,2025-05-10
999,167,2023-08-10
896,569,2024-01-30
601,243,2022-07-05
81,765,2022-12-08
241,754,2024-03-03
919,589,2024-04-19
566,56,2025-05-18
893,271,2024-11-19
490,820,2022-10-30
675,228,2023-03-12
436,849,2023-09-04
188,784,2023-03-08
845,639,2024-04-14
742,138,2025-02-17
577,559,2025-03-17
634,47,2023-04-18
693,362,2022-06-19
187,639,2024-06-20
763,835,2023-10-05
122,393,2025-01-14
454,754,2025-01-02
775,809,2023-10-17
427,620,2023-02-25
193,453,2024-12-30
368,342,2023-09-06
854,544,2023-10-15
68,309,2022-11-27
499,87,2025-02-13
557,357,2025-01-03
767,841,2024-09-15
649,440,2022-07-11
192,610,2024-10-01
755,458,2023-01-26
680,693,2024-06-22
676,314,2023-10-07
171,407,2025-01-30
628,237,2023-06-26
738,634,2022-07-08
707,530,2023-12-24
469,738,2023-08-15
276,609,2023-10-13
560,139,2023-01-27
88,409,2022-11-21
257,101,2022-09-08
576,492,2024-12-19
646,816,2024-07-03
663,231,2022-12-17
6,339,2023-09-01
340,215,2023-02-09
445,646,2023-07-08
32,248,2023-04-12
868,749,2024-08-07
695,412,2025-02-24
271,530,2023-08-05
391,446,2025-02-01
156,772,2025-05-03
37,34,2024-07-07
41,562,2024-02-23
7,420,2024-05-23
8,385,2022-08-25
208,181,2024-08-05
14,953,2022-07-09
706,723,2024-03-03
398,570,2023-07-15
843,283,2022-07-08
820,299,2023-10-07
866,266,2023-10-17
518,114,2023-09-23
505,144,2023-10-08
65,775,2023-07-02
738,117,2023-04-06
494,394,2025-03-11
775,822,2023-03-27
475,152,2022-12-06
986,862,2023-02-11
488,765,2024-03-18
427,898,2024-01-03
12,656,2024-01-18
238,65,2023-01-16
249,74,2022-07-25
323,23,2023-08-08
149,890,2022-08-07
97,614,2023-02-21
289,784,2024-07-29
964,56,2022-12-06
153,860,2024-04-20
648,982,2024-02-11
109,445,2023-03-17
825,764,2024-01-12
457,368,2023-03-22
688,121,2022-11-26
846,329,2022-11-18
922,59,2023-10-06
145,776,2025-01-25
916,653,2023-01-05
793,848,2023-09-07
585,410,2022-12-15
108,336,2022-08-28
424,47,2025-01-26
174,21,2024-04-26
571,740,2024-03-04
356,815,2024-10-21
536,782,2025-01-26
209,424,2025-01-21
364,261,2024-09-05
848,2,2023-04-27
603,314,2023-11-13
626,941,2023-09-22
950,507,2022-12-17
711,899,2022-07-04
345,284,2025-05-04
833,596,2024-04-06
7,783,2022-09-08
385,91,2024-10-10
966,860,2023-04-06
741,104,2024-10-21
780,361,2024-01-22
498,526,2024-10-16
819,469,2024-02-12
851,421,2023-07-25
472,919,2022-12-29
444,146,2024-01-21
504,951,2023-01-06
808,688,2024-10-25
324,755,2023-06-07
416,838,2022-12-21
69,614,2023-04-10
168,736,2024-11-23
441,931,2023-12-17
902,997,2025-02-20
495,722,2023-08-21
153,464,2022-12-16
840,119,2023-11-12
621,718,2024-12-29
945,284,2023-03-08
692,104,2024-04-13
280,425,2023-07-23
322,13,2024-10-21
660,417,2023-11-04
549,958,2023-10-27
96,524,2024-08-02
45,787,2024-08-05
543,655,2022-12-10
236,89,2024-04-10
278,909,2022-08-01
634,544,2025-05-28
650,372,2022-11-11
590,92,2023-04-26
82,705,2024-01-16
986,178,2023-12-04
644,966,2024-09-19
282,879,2024-02-09
119,98,2024-08-19
797,162,2025-02-14
101,538,2023-11-09
251,254,2024-05-25
967,573,2024-01-06
704,608,2024-10-24
21,57,2024-03-09
260,302,2024-12-20
201,24,2023-09-03
952,975,2023-03-18
948,596,2025-04-07
681,252,2022-12-15
369,245,2025-01-11
451,55,2022-11-01
852,70,2022-07-25
786,762,2022-09-04
14,691,2025-06-10
246,260,2024-12-24
112,180,2022-10-20
357,356,2025-03-02
804,816,2023-08-09
152,890,2023-05-10
991,822,2022-07-12
612,237,2023-12-01
234,322,2024-09-15
79,677,2023-02-07
613,727,2024-10-12
325,589,2024-09-15
768,521,2023-10-22
349,946,2024-03-24
611,537,2024-09-24
880,582,2022-11-16
344,422,2024-11-01
613,89,2023-08-24
525,205,2022-11-18
764,487,2025-02-26
165,716,2025-03-02
551,343,2023-03-20
196,969,2023-08-27
624,247,2024-08-05
230,28,2023-07-28
462,185,2023-01-26
646,760,2022-11-05
663,175,2025-05-02
632,825,2023-03-11
922,664,2022-11-22
644,979,2024-05-17
532,100,2022-10-05
816,8,2023-07-30
20,483,2023-07-05
898,572,2025-03-08
865,166,2025-02-12
855,610,2025-01-26
392,620,2022-09-09
188,970,2023-05-04
411,633,2024-12-01
451,706,2024-02-10
382,835,2022-07-30
584,641,2025-05-26
217,884,2024-12-30
407,599,2022-08-29
979,416,2023-06-14
722,611,2023-05-22
243,756,2023-12-23
767,762,2022-06-28
115,836,2022-10-05
400,331,2024-09-08
124,576,2024-02-21
692,768,2022-08-20
867,620,2023-12-26
787,511,2024-05-07
453,715,2023-07-27
516,771,2023-10-20
587,157,2023-06-17
759,678,2024-04-17
768,89,2023-07-01
783,477,2023-06-08
208,246,2023-07-24
547,615,2024-11-10
979,43,2024-03-18
623,753,2025-02-08
121,543,2024-09-24
683,804,2023-10-04
129,138,2023-12-31
764,320,2024-06-15
837,453,2024-02-06
65,382,2024-09-13
352,375,2023-12-22
298,480,2025-06-14
996,217,2022-12-01
916,862,2024-12-05
220,521,2023-06-12
685,212,2024-08-06
860,64,2024-08-25
914,573,2024-05-12
617,306,2022-11-20
856,588,2024-09-28
780,858,2023-01-17
951,331,2024-04-22
766,694,2023-04-14
138,308,2023-02-12
109,510,2022-08-03
316,723,2022-06-29
436,639,2022-11-08
619,266,2023-09-17
785,564,2023-01-14
184,949,2024-11-08
180,570,2025-02-07
256,34,2023-09-26
226,457,2024-02-28
185,419,2025-06-05
317,575,2023-02-01
188,839,2025-06-06
523,414,2022-12-12
784,684,2022-07-27
884,542,2024-08-21
144,732,2024-10-25
140,353,2023-02-11
313,461,2025-03-14
191,435,2022-12-14
652,830,2024-06-22
403,763,2022-10-19
987,634,2024-06-18
647,980,2024-11-21
427,711,2023-06-26
676,369,2024-08-21
482,238,2023-07-28
446,581,2023-11-11
609,50,2025-04-29
928,175,2024-03-09
703,731,2024-02-06
554,788,2025-02-27
806,335,2024-09-06
264,15,2024-05-08
300,463,2023-06-08
318,926,2022-12-03
562,383,2024-07-02
36,682,2024-08-09
852,976,2024-01-06
600,495,2023-04-17
445,63,2024-03-27
390,127,2025-02-22
769,798,2023-02-18
993,426,2022-07-10
186,626,2023-11-27
895,528,2023-06-10
825,878,2023-12-25
909,54,2023-12-14
451,408,2024-08-17
154,530,2023-09-02
462,646,2025-04-24
14,141,2023-05-11
639,50,2025-01-16
454,642,2022-10-10
147,405,2022-11-25
770,533,2023-02-16
409,262,2024-10-21
267,178,2025-02-05
581,374,2023-03-15
776,55,2025-03-04
398,481,2025-03-26
240,44,2024-07-19
484,670,2023-12-22
489,785,2023-09-11
92,820,2023-08-28
256,168,2024-02-26
155,925,2023-05-09
500,794,2023-03-08
407,566,2024-04-28
168,55,2025-04-20
295,96,2024-06-11
98,634,2024-10-12
308,444,2025-03-27
883,266,2022-08-17
717,908,2023-09-03
52,109,2023-10-02
781,255,2023-09-12
157,311,2025-05-23
456,607,2023-06-16
12,567,2023-07-26
505,994,2023-05-19
670,158,2023-12-01
709,415,2025-06-13
144,457,2025-03-28
491,830,2023-08-24
479,447,2023-02-05
268,672,2023-09-30
649,858,2023-02-28
426,966,2023-03-09
614,937,2024-11-13
338,853,2023-06-19
372,766,2024-04-01
318,795,2024-03-27
189,873,2025-01-06
321,46,2022-10-04
303,486,2022-09-14
785,675,2024-09-01
217,154,2022-11-27
996,184,2023-09-28
26,586,2025-02-22
525,41,2025-04-05
694,636,2024-11-01
915,870,2024-07-19
956,493,2022-11-29
434,490,2022-08-11
56,236,2023-11-14
217,190,2022-07-21
475,714,2023-05-01
964,762,2024-12-26
949,862,2024-06-28
211,933,2025-03-18
604,190,2024-07-22
726,710,2024-06-14
552,179,2022-09-19
544,404,2022-12-14
316,317,2023-05-21
574,841,2022-10-03
826,10,2025-06-11
521,457,2022-09-14
309,278,2022-07-29
702,618,2022-06-16
571,49,2025-03-23
384,717,2024-10-28
987,601,2025-02-23
465,525,2024-12-05
469,675,2023-12-05
624,698,2023-04-04
763,893,2023-05-01
242,633,2024-12-19
25,635,2022-09-02
250,982,2024-04-17
340,381,2022-11-14
247,339,2023-11-04
483,21,2025-01-05
353,320,2022-12-05
532,551,2024-10-13
197,481,2024-01-01
711,702,2023-12-12
427,943,2023-02-16
853,377,2023-04-22
980,189,2023-08-21
855,832,2023-06-22
523,93,2022-12-11
744,61,2023-11-16
975,339,2023-10-24
837,963,2025-04-24
665,442,2023-05-17
360,889,2024-06-01
592,458,2024-11-24
169,504,2023-09-17
566,320,2025-03-31
973,415,2024-11-02
17,901,2024-12-30
270,852,2024-06-15
468,279,2023-02-01
292,611,2023-11-03
1,956,2024-07-25
969,710,2022-07-26
170,585,2022-08-19
265,328,2025-01-30
129,733,2022-11-24
872,777,2025-06-14
34,352,2022-11-01
199,648,2024-08-16
175,62,2023-04-21
33,207,2023-06-15
585,949,2023-06-01
992,55,2023-03-05
215,772,2023-11-25
292,467,2023-09-08
73,917,2025-03-31
111,126,2024-06-17
648,510,2024-06-21
198,539,2024-08-23
93,257,2023-05-13
119,395,2024-08-01
858,60,2025-02-21
825,966,2024-06-04
62,535,2023-07-20
452,46,2023-08-18
911,597,2023-06-29
197,988,2022-08-08
349,448,2024-12-23
665,10,2024-11-12
375,357,2023-08-16
540,424,2024-11-22
682,99,2023-11-06
548,19,2025-05-10
193,874,2024-10-21
872,525,2025-01-16
625,239,2023-10-21
394,864,2024-11-26
725,326,2024-09-09
226,908,2024-07-30
481,603,2024-06-06
53,342,2025-05-01
637,213,2024-09-16
229,913,2025-01-22
712,881,2023-01-03
703,158,2025-01-23
70,511,2022-12-12
975,617,2023-03-17
226,270,2022-09-26
888,469,2025-01-30
755,205,2023-06-17
252,551,2022-08-01
909,937,2022-11-16
324,18,2023-12-30
433,828,2023-12-10
195,511,2023-04-16
926,352,2023-01-23
543,700,2022-12-30
671,211,2022-07-28
135,905,2022-06-26
945,185,2023-07-16
670,920,2023-06-26
665,396,2024-04-19
746,241,2023-06-20
591,367,2022-10-08
811,370,2024-10-08
919,169,2025-05-13
606,612,2023-01-23
718,853,2022-11-24
756,291,2024-06-30
457,632,2025-01-11
646,10,2024-09-08
346,801,2023-04-11
302,349,2023-08-18
928,662,2024-01-16
383,719,2024-03-24
244,524,2025-03-27
717,973,2023-01-17
594,228,2024-10-06
669,142,2024-08-25
867,423,2022-07-29
860,384,2025-05-07
896,41,2024-03-24
386,873,2023-04-30
866,49,2025-06-12
612,53,2023-10-29
105,631,2023-04-23
566,840,2022-07-05
424,985,2024-03-22
478,727,2025-05-08
767,830,2022-08-23
745,811,2024-12-11
946,572,2023-09-16
508,755,2023-11-06
804,488,2025-02-09
595,494,2024-03-03
483,24,2025-03-23
413,603,2024-12-16
786,699,2023-02-15
747,628,2023-04-02
869,325,2025-02-17
963,103,2025-01-04
857,988,2024-11-27
570,666,2024-06-17
954,512,2024-03-12
259,136,2023-08-22
656,855,2022-06-20
738,888,2023-02-22
961,179,2023-02-14
460,306,2024-12-02
118,685,2023-03-04
695,846,2022-06-18
125,581,2022-08-07
373,795,2022-09-07
556,359,2024-11-12
587,755,2024-01-23
307,292,2025-02-25
844,417,2025-04-11
291,613,2022-07-03
814,654,2025-01-22
194,6,2024-08-27
310,855,2024-10-03
118,276,2024-10-26
842,456,2024-10-05
548,9,2024-06-11
633,233,2023-12-12
719,236,2024-03-12
695,28,2024-01-22
799,494,2024-02-11
785,596,2024-10-17
151,718,2025-01-08
760,948,2025-03-26
587,611,2023-08-16
752,190,2024-08-19
278,679,2022-12-27
80,20,2024-06-04
909,253,2022-07-01
262,671,2023-09-29
961,529,2023-06-11
802,127,2023-03-12
409,690,2023-11-23
820,324,2022-10-03
674,615,2025-04-01
236,798,2024-08-25
102,947,2022-12-18
775,667,2023-05-02
783,113,2023-03-24
418,695,2022-12-10
729,816,2023-09-26
352,829,2024-08-23
25,471,2023-07-17
190,687,2024-10-01
660,573,2023-04-28
561,185,2025-06-13
145,127,2024-07-12
171,265,2024-05-16
154,621,2022-09-07
366,95,2022-12-03
809,552,2022-10-27
924,502,2025-04-08
207,367,2025-04-26
222,984,2022-08-27
9,239,2024-10-07
546,327,2024-09-24
270,243,2023-04-07
971,470,2022-12-29
88,123,2024-10-01
211,602,2023-06-20
646,530,2023-12-16
105,212,2024-12-17
582,774,2024-01-22
654,125,2023-12-27
724,449,2023-11-25
730,758,2024-04-19
961,133,2024-10-23
302,460,2023-07-11
53,430,2022-09-24
665,134,2022-12-26
550,153,2024-11-16
674,448,2024-02-03
832,805,2023-03-17
149,483,2022-07-05
618,553,2025-03-13
91,133,2024-11-13
502,750,2024-11-01
538,215,2022-09-18
945,453,2022-08-24
26,412,2022-11-22
551,5,2022-12-08
808,713,2024-11-25
271,774,2024-01-23
962,771,2023-11-22
486,433,2025-03-25
881,554,2024-05-08
510,876,2022-07-18
819,579,2025-01-06
528,924,2024-10-31
434,917,2023-10-02
563,473,2024-11-16
865,466,2024-10-13
100,483,2023-08-31
225,743,2022-12-16
636,377,2024-04-26
32,348,2023-11-27
422,125,2024-03-19
158,195,2024-07-19
720,456,2025-05-20
592,536,2024-09-09
418,649,2024-12-16
523,436,2025-04-04
400,631,2024-10-18
853,82,2024-02-16
39,472,2023-10-30
760,794,2023-06-04
626,943,2023-07-25
117,428,2025-02-26
188,717,2022-07-25
125,548,2023-01-08
320,607,2024-03-02
464,508,2022-07-04
873,298,2024-06-13
106,534,2023-07-29
34,515,2023-06-22
917,862,2024-09-14
731,443,2022-06-24
175,225,2023-05-27
196,19,2023-11-05
228,380,2022-11-09
298,704,2022-09-29
19,386,2024-01-07
438,864,2024-10-02
882,904,2024-03-26
865,443,2023-11-16
125,404,2024-02-12
732,816,2024-02-10
444,678,2024-09-27
927,683,2022-10-25
259,224,2024-11-20
14,536,2024-10-24
644,703,2024-05-15
273,796,2023-03-12
355,457,2024-01-25
121,290,2023-09-25
351,78,2022-07-28
769,591,2022-10-10
217,752,2025-04-10
528,119,2024-06-13
974,614,2025-06-14
819,677,2024-07-17
303,266,2024-11-25
207,707,2025-06-15
398,9,2023-04-19
846,56,2025-01-02
152,362,2025-05-26
519,564,2025-05-19
22,661,2023-07-19
524,679,2023-12-14
52,949,2024-09-02
164,107,2023-09-04
457,360,2022-07-14
851,665,2023-04-24
689,603,2023-01-04
724,295,2022-09-26
962,761,2022-11-13
222,951,2024-01-12
914,950,2024-04-03
661,504,2022-10-03
285,662,2022-10-18
639,602,2025-05-19
340,943,2024-10-04
623,657,2023-05-30
129,500,2022-10-29
780,461,2024-03-08
393,726,2024-03-15
41,158,2022-09-10
685,80,2022-08-08
395,915,2023-05-23
153,973,2024-09-26
61,481,2024-09-20
743,695,2025-03-12
779,352,2022-09-11
545,185,2024-08-05
168,198,2025-04-05
949,763,2025-01-24
985,457,2024-02-04
734,875,2025-03-05
929,705,2024-06-06
695,538,2022-10-04
503,188,2023-09-01
588,412,2025-04-01
92,325,2023-05-23
752,929,2025-02-02
271,476,2022-09-25
347,206,2023-06-16
30,84,2024-09-05
208,536,2022-11-13
148,634,2022-09-27
833,179,2025-04-16
479,999,2022-06-20
940,162,2025-02-16
963,554,2022-08-01
421,271,2024-11-19
12,481,2023-09-03
55,851,2022-10-11
120,14,2022-12-07
503,44,2025-04-10
324,567,2025-02-20
373,343,2023-03-14
621,36,2023-06-17
381,463,2023-01-04
259,623,2025-03-18
777,320,2024-07-22
284,796,2022-10-07
354,366,2024-11-22
658,857,2023-11-13
121,15,2024-08-22
615,221,2022-11-01
136,781,2024-09-01
722,204,2024-12-03
598,726,2024-07-02
431,320,2023-03-04
268,671,2023-09-06
81,436,2024-07-01
702,820,2025-01-30
162,281,2024-03-09
691,216,2024-08-23
117,804,2024-12-24
943,617,2023-12-07
640,808,2023-03-03
689,292,2023-09-29
499,311,2024-04-18
41,665,2023-08-15
657,897,2024-12-06
397,529,2023-05-02
167,890,2022-11-12
66,838,2025-05-18
180,860,2023-09-10
725,394,2024-03-10
301,741,2023-04-07
276,568,2024-04-21
587,689,2025-02-14
225,602,2024-07-29
966,865,2023-03-22
625,801,2024-04-09
490,756,2022-06-17
672,504,2022-10-19
367,951,2024-03-24
671,688,2024-09-11
791,604,2024-07-12
737,633,2024-03-08
214,592,2024-11-24
94,118,2024-03-12
547,738,2025-05-11
546,922,2023-03-15
850,281,2024-08-03
146,165,2023-02-24
45,262,2023-03-16
465,848,2022-08-06
961,643,2022-09-03
688,368,2023-08-22
186,121,2025-05-08
73,589,2023-04-15
822,942,2022-10-17
310,7,2022-06-19
391,81,2023-02-01
375,402,2022-10-15
813,219,2024-07-18
601,565,2023-09-12
182,990,2023-06-25
116,816,2023-10-18
165,263,2022-11-24
168,826,2024-05-26
783,47,2022-10-29
643,73,2023-07-25
274,844,2025-05-22
828,198,2023-08-05
791,725,2024-01-05
28,294,2023-04-13
92,724,2024-06-11
112,702,2025-01-11
934,136,2022-11-22
30,483,2023-08-16
976,627,2023-01-08
354,464,2024-06-14
937,141,2025-04-18
290,708,2023-03-09
42,85,2023-12-03
659,282,2023-04-12
11,735,2022-08-08
207,301,2022-06-19
470,940,2023-11-06
572,808,2022-08-22
517,872,2025-02-14
108,524,2022-08-20
568,954,2023-10-31
764,600,2023-04-28
214,834,2023-09-12
934,486,2025-02-05
979,637,2022-11-17
567,958,2023-04-18
588,752,2023-09-26
13,292,2022-07-01
496,260,2024-10-24
787,732,2024-01-17
52,134,2024-03-19
907,648,2023-07-02
600,497,2024-05-22
24,301,2023-10-21
940,682,2024-07-09
561,11,2023-04-14
303,619,2023-11-20
816,121,2023-08-18
357,361,2022-12-08
500,410,2023-02-12
773,425,2025-03-03
948,277,2022-07-04
320,708,2023-02-27
949,730,2023-11-30
571,61,2023-02-10
604,58,2025-04-20
569,100,2023-12-26
247,86,2025-04-04
530,783,2022-10-14
738,583,2024-08-14
391,359,2024-01-09
233,825,2024-07-11
966,410,2023-04-09
145,712,2024-06-06
426,173,2024-11-08
636,949,2024-09-11
923,979,2022-07-08
789,899,2024-02-27
52,520,2025-02-09
358,38,2023-03-07
342,359,2023-04-21
66,275,2024-11-19
888,612,2024-09-23
184,267,2024-06-17
975,122,2024-02-15
895,13,2024-04-18
597,585,2024-11-07
811,657,2024-01-17
716,685,2023-01-02
112,427,2023-12-12
656,262,2024-01-16
814,699,2022-11-26
39,177,2022-07-07
223,752,2024-10-05
498,462,2024-10-06
633,278,2023-09-19
679,245,2023-06-25
466,101,2023-11-25
185,905,2023-01-07
627,958,2024-08-26
340,370,2024-08-14
189,875,2023-09-24
80,968,2024-07-17
96,833,2023-04-10
446,537,2023-01-20
645,746,2023-08-30
843,847,2024-12-24
551,181,2024-04-05
565,79,2024-02-24
803,545,2022-09-29
292,744,2023-11-15
387,487,2023-01-17
583,133,2023-03-11
816,484,2022-08-05
981,817,2023-06-19
921,537,2023-11-14
242,514,2023-03-07
130,44,2023-06-16
347,945,2023-02-20
639,150,2025-04-30
995,980,2022-07-04
385,642,2022-09-07
993,153,2024-02-25
911,200,2022-11-13
774,603,2023-09-09
234,101,2022-08-03
173,5,2023-11-09
442,804,2024-01-23
93,799,2024-09-02
389,798,2022-10-06
872,537,2025-06-04
87,347,2024-02-07
307,579,2024-08-11
998,762,2023-02-12
468,304,2023-02-06
284,861,2023-07-27
584,70,2022-07-26
881,851,2022-06-28
607,611,2024-03-20
155,896,2022-10-25
560,536,2023-04-19
376,715,2024-03-22
108,406,2023-10-22
951,12,2023-01-31
785,654,2023-06-24
2,882,2023-03-02
968,855,2022-10-24
183,814,2024-11-14
856,534,2024-10-30
149,672,2024-01-25
514,276,2024-05-05
722,305,2024-09-26
847,336,2022-08-03
728,119,2024-07-10
475,693,2024-01-30
622,483,2024-06-05
999,204,2024-07-17
898,387,2022-06-22
166,352,2024-12-24
533,554,2024-11-27
547,309,2023-02-08
515,11,2023-09-10
323,564,2023-06-13
201,575,2022-09-21
476,514,2024-03-15
560,19,2025-03-25
333,465,2023-04-16
387,585,2023-09-27
393,516,2023-07-03
793,715,2023-07-12
291,468,2023-10-24
528,969,2024-07-17
214,284,2022-07-15
573,302,2022-09-30
236,388,2024-05-03
942,56,2022-07-09
284,56,2023-04-13
446,792,2022-12-21
70,392,2022-12-05
594,361,2024-09-01
498,802,2024-08-26
438,379,2023-01-16
307,713,2023-01-31
849,13,2022-11-08
855,173,2023-11-03
15,196,2024-06-10
688,819,2023-02-18
264,900,2022-11-10
880,86,2022-10-23
590,18,2025-03-11
563,1,2023-01-25
695,449,2024-05-03
16,506,2025-02-04
645,857,2023-05-10
56,313,2024-07-07
438,415,2022-12-01
947,521,2022-08-24
475,791,2025-02-27
618,202,2023-11-17
241,215,2022-06-24
383,973,2023-07-31
689,491,2024-01-21
21,886,2024-07-05
698,985,2025-02-18
40,899,2022-10-12
515,109,2024-09-30
591,742,2023-02-03
777,869,2022-12-01
196,329,2022-10-12
125,943,2023-02-22
514,904,2024-11-22
65,812,2023-04-03
260,493,2024-01-07
785,644,2024-02-14
220,457,2024-06-27
417,68,2025-04-22
107,171,2025-04-02
565,720,2025-02-25
582,135,2025-03-17
900,710,2025-05-29
42,536,2025-02-11
985,934,2022-12-05
400,918,2025-06-12
699,311,2024-01-21
43,6,2024-02-27
869,988,2025-04-26
183,166,2023-09-24
322,590,2024-04-15
592,859,2024-11-03
116,750,2023-04-17
22,706,2023-03-28
318,476,2023-02-05
822,238,2024-08-27
593,415,2024-10-08
850,974,2022-07-07
698,697,2023-09-03
255,536,2023-08-01
419,113,2024-01-23
281,408,2025-03-28
314,176,2025-01-29
132,56,2022-10-20
920,809,2024-07-16
183,516,2025-02-27
686,313,2023-02-22
270,255,2024-07-22
504,193,2025-04-21
609,624,2022-10-18
897,533,2023-11-23
784,247,2025-03-08
654,546,2024-03-13
890,265,2024-09-01
906,93,2022-11-11
661,405,2024-01-04
431,617,2024-01-27
29,494,2023-02-25
94,703,2022-11-01
105,224,2025-03-07
228,703,2023-12-25
962,662,2024-04-11
892,454,2025-02-09
718,567,2023-03-07
724,461,2024-02-11
619,179,2023-06-22
708,782,2024-01-26
785,477,2023-03-27
700,253,2023-06-14
634,833,2022-11-12
277,824,2022-12-28
400,486,2023-09-27
275,900,2025-01-02
943,276,2023-01-27
49,408,2024-11-11
680,540,2023-02-12
899,578,2024-05-13
461,990,2024-01-04
605,775,2024-04-30
159,954,2022-09-02
21,346,2024-08-14
870,929,2024-02-05
447,863,2024-09-01
794,153,2023-06-03
973,155,2022-12-13
107,269,2023-04-14
281,156,2024-12-30
923,563,2022-07-18
505,953,2024-10-01
640,732,2024-10-17
745,31,2024-10-12
647,628,2024-07-12
905,20,2025-01-16
203,731,2024-08-16
130,518,2022-09-15
807,351,2022-12-13
291,206,2024-09-06
119,917,2024-05-14
833,260,2022-09-12
33,585,2024-07-09
306,972,2023-11-24
208,437,2024-11-14
134,488,2023-10-10
600,961,2025-02-20
429,176,2024-05-25
240,389,2022-08-17
535,194,2024-05-07
530,982,2025-05-12
383,554,2022-07-14
293,889,2022-11-27
787,149,2023-07-08
391,149,2023-08-05
664,573,2022-10-20
33,441,2025-03-14
267,379,2024-05-23
22,166,2024-09-17
159,437,2023-03-28
636,245,2022-09-17
577,913,2024-11-22
597,928,2024-04-03
42,526,2024-03-08
989,220,2023-11-20
576,725,2023-12-06
458,324,2025-03-09
39,749,2022-09-07
110,135,2022-12-25
55,199,2024-09-29
294,481,2023-12-17
423,891,2024-10-26
252,484,2023-05-26
834,611,2023-11-11
193,169,2023-12-23
680,553,2023-11-10
619,686,2022-08-03
425,412,2022-08-08
38,677,2024-06-10
631,288,2025-02-10
203,744,2023-08-04
972,172,2024-05-13
868,609,2022-09-21
60,844,2024-08-17
33,827,2023-04-13
914,347,2022-11-27
884,962,2023-08-03
158,858,2022-10-28
884,733,2023-09-11
543,440,2024-11-06
181,316,2023-12-28
192,591,2025-06-05
102,926,2023-07-26
446,736,2022-08-08
235,961,2023-05-21
397,731,2022-12-19
492,474,2024-03-09
849,595,2024-08-23
309,93,2024-02-11
80,758,2022-07-29
488,998,2023-11-12
350,390,2023-09-04
394,954,2023-03-06
644,571,2024-04-05
784,731,2024-04-19
104,743,2023-11-02
332,750,2023-07-10
856,756,2025-06-14
867,765,2024-10-09
989,462,2024-10-16
104,334,2025-04-25
465,605,2025-01-09
257,576,2024-01-13
661,251,2022-10-31
34,684,2022-08-21
274,516,2024-11-10
469,575,2025-03-29
709,593,2025-01-19
74,82,2023-03-20
971,184,2024-01-16
438,624,2025-02-15
344,580,2025-03-15
272,183,2024-09-02
55,477,2023-03-29
360,30,2024-08-27
610,587,2025-05-05
242,569,2024-05-21
438,215,2024-02-06
467,916,2023-11-17
906,469,2025-02-04
927,263,2023-03-15
629,191,2023-01-14
679,686,2024-08-11
705,824,2023-01-07
776,210,2024-05-25
332,462,2023-08-28
652,818,2023-03-08
305,216,2024-06-22
371,161,2022-11-18
451,419,2023-08-28
932,606,2024-06-27
908,20,2024-08-19
560,1000,2024-01-08
48,65,2024-05-23
910,704,2024-06-16
981,90,2023-05-19
829,630,2023-05-08
564,67,2022-07-08
408,228,2025-02-03
363,980,2024-09-22
129,139,2022-11-06
560,591,2024-08-15
358,227,2024-12-28
497,422,2023-10-01
559,217,2022-10-08
302,475,2025-05-04
351,188,2023-03-19
424,172,2023-11-04
413,837,2022-07-30
276,423,2023-08-17
269,149,2025-04-17
805,129,2024-05-08
909,595,2022-12-04
705,945,2025-04-17
329,20,2023-07-30
172,216,2023-04-30
829,486,2025-01-28
140,4,2023-01-06
115,585,2024-10-27
1000,862,2024-08-14
29,811,2023-07-25
873,529,2024-02-01
85,971,2023-01-06
987,285,2023-01-12
785,565,2025-01-19
675,693,2024-08-23
79,668,2024-06-17
389,336,2023-11-12
434,487,2023-05-19
586,764,2024-10-31
441,117,2025-01-16
929,429,2023-12-30
277,274,2025-05-03
999,524,2024-01-18
722,890,2025-03-16
621,987,2022-07-10
802,770,2023-02-18
816,817,2022-10-13
288,140,2023-03-07
959,79,2024-07-19
141,90,2024-01-05
430,718,2024-12-12
617,873,2023-04-13
417,519,2024-08-19
994,302,2022-11-10
556,714,2024-04-14
336,445,2024-07-19
575,727,2024-06-23
366,882,2023-06-23
735,865,2023-04-29
881,919,2024-05-16
746,874,2025-06-08
306,193,2023-05-01
541,325,2023-01-26
189,511,2023-02-07
552,334,2025-05-13
426,869,2024-12-05
856,602,2023-01-14
688,380,2024-01-13
370,708,2024-03-20
838,813,2025-02-08
673,480,2022-10-27
701,170,2024-08-22
800,292,2024-11-16
432,274,2024-11-15
329,527,2022-09-22
358,96,2024-08-03
1000,466,2023-10-27
903,268,2023-11-09
235,254,2025-02-02
976,783,2022-10-29
805,227,2022-08-07
423,979,2025-05-20
308,95,2023-03-07
750,62,2022-09-24
694,539,2024-06-28
906,724,2023-12-07
71,942,2022-11-10
589,639,2024-05-21
303,245,2025-06-15
491,216,2022-07-28
342,502,2023-09-04
531,289,2022-07-24
499,565,2022-09-08
732,916,2022-09-15
333,124,2024-09-15
7,8,2024-09-27
688,92,2023-12-12
642,879,2025-05-05
124,953,2025-06-06
986,51,2022-09-28
324,569,2025-05-03
89,437,2025-01-11
12,74,2024-10-16
972,116,2024-08-13
879,971,2024-01-11
861,428,2022-06-25
310,405,2025-03-11
244,51,2023-01-30
910,815,2022-07-15
920,334,2024-11-20
60,150,2024-03-19
991,394,2023-06-17
620,338,2023-09-13
889,383,2024-02-08
333,16,2024-12-20
610,819,2024-01-11
207,843,2022-06-30
112,17,2024-07-09
364,232,2023-06-16
161,547,2024-05-13
746,334,2023-12-13
519,26,2024-08-23
342,479,2024-12-04
989,815,2024-03-30
167,398,2025-05-03
776,442,2025-03-07
831,378,2025-03-16
786,635,2025-02-06
752,908,2024-06-30
151,124,2023-08-19
192,162,2024-04-14
794,496,2023-06-29
438,303,2025-02-10
883,833,2022-09-07
879,454,2024-04-07
385,965,2024-11-18
293,473,2025-01-25
535,501,2024-05-16
748,645,2024-03-07
605,71,2022-10-13
632,842,2023-05-02
130,452,2023-02-24
75,516,2024-01-17
351,420,2023-06-26
82,146,2022-07-14
754,50,2022-11-15
339,854,2025-06-12
727,33,2023-01-15
690,523,2024-11-25
375,548,2022-12-05
353,609,2023-02-07
905,219,2024-04-05
411,205,2022-11-25
818,300,2023-03-06
23,325,2023-04-13
127,791,2023-06-21
164,184,2022-09-08
464,333,2023-03-22
336,147,2022-07-25
292,635,2024-09-10
11,207,2024-08-24
423,789,2022-11-05
144,242,2024-01-24
434,81,2025-04-11
733,377,2022-08-01
320,733,2023-07-23
377,184,2022-07-09
230,22,2024-10-31
79,527,2023-03-03
562,495,2025-04-06
841,813,2023-09-28
981,973,2025-05-10
238,520,2024-09-08
486,356,2024-01-06
133,992,2022-09-29
170,236,2024-09-10
110,334,2023-09-26
892,486,2024-12-29
814,158,2025-04-09
958,580,2025-04-15
348,242,2025-01-29
437,994,2022-08-15
789,250,2025-02-09
519,389,2023-07-17
663,928,2023-08-26
276,668,2024-04-11
742,583,2024-11-28
422,84,2024-09-28
368,113,2023-08-13
411,712,2024-07-05
164,426,2022-09-03
89,283,2025-04-11
768,312,2023-02-04
694,97,2025-04-25
490,447,2024-10-04
705,372,2023-03-21
465,45,2023-06-24
91,887,2022-08-12
471,879,2023-09-30
29,912,2024-02-09
583,940,2023-10-07
81,693,2022-10-13
780,322,2024-05-02
116,242,2023-11-29
45,856,2024-09-29
268,519,2024-05-21
502,457,2022-11-19
339,808,2023-02-02
683,618,2024-01-11
889,494,2023-04-01
507,392,2024-09-14
229,564,2022-07-30
120,886,2023-03-08
286,15,2025-02-22
593,352,2022-06-21
643,847,2024-01-15
853,391,2023-10-19
213,705,2023-01-14
335,465,2023-05-09
695,628,2023-11-20
529,416,2024-06-16
165,399,2024-02-09
294,284,2025-02-19
698,899,2022-11-12
658,826,2022-08-05
822,440,2023-02-27
599,511,2023-07-31
830,264,2024-08-17
398,341,2022-08-13
477,634,2024-06-16
316,308,2023-10-23
151,729,2024-07-15
51,562,2024-04-09
486,719,2022-08-07
954,824,2023-07-24
93,150,2024-02-24
648,223,2024-07-30
403,950,2024-11-12
337,367,2023-04-25
248,518,2023-01-01
512,219,2022-07-03
70,777,2025-06-10
38,565,2025-06-07
660,728,2024-03-15
823,526,2022-12-14
344,671,2024-09-21
789,384,2024-07-28
780,793,2024-04-29
911,81,2024-05-02
337,632,2024-10-03
237,545,2024-03-04
817,37,2023-08-01
427,934,2024-10-18
708,804,2023-05-06
303,984,2024-02-11
870,457,2024-04-08
239,325,2024-04-03
638,974,2024-08-23
217,423,2024-06-28
277,208,2025-05-26
793,210,2023-10-28
271,134,2025-02-14
753,137,2023-05-05
364,850,2024-01-23
136,992,2023-07-22
430,652,2023-08-10
689,9,2025-04-24
660,211,2023-03-15
182,321,2023-06-13
326,860,2022-10-06
605,424,2022-07-09
461,639,2023-12-16
54,172,2023-05-21
744,353,2024-04-24
776,651,2025-05-19
369,821,2023-01-15
205,161,2022-12-24
332,265,2023-01-10
662,140,2023-01-04
441,846,2024-10-18
245,117,2024-11-30
627,973,2023-05-04
920,435,2022-11-17
65,824,2025-05-13
5,544,2023-09-02
776,687,2024-02-19
47,132,2025-04-08
9,106,2023-09-05
983,720,2024-07-21
914,886,2025-06-05
990,387,2023-11-16
171,433,2023-08-26
803,115,2022-10-23
226,140,2024-09-30
364,333,2025-05-16
790,999,2022-07-19
232,34,2023-10-13
480,136,2024-09-14
322,602,2023-05-21
799,410,2025-04-14
174,587,2024-08-17
680,984,2024-01-06
20,300,2023-02-12
838,109,2024-06-19
788,517,2024-04-06
52,103,2023-07-17
828,324,2023-03-10
969,449,2025-04-22
258,208,2022-11-14
74,765,2025-02-23
826,629,2024-09-22
652,513,2024-12-18
564,629,2025-05-26
693,136,2024-12-09
344,131,2025-02-23
530,258,2025-05-03
175,30,2025-02-12
408,152,2022-10-23
631,984,2022-11-19
435,743,2024-07-16
302,628,2024-04-14
196,89,2023-06-25
657,447,2024-02-07
373,688,2025-01-01
504,879,2022-11-24
844,310,2024-03-24
184,380,2023-07-14
980,808,2024-06-26
849,388,2023-10-04
482,186,2023-04-03
781,370,2024-10-21
309,789,2023-08-09
25,881,2023-08-04
886,535,2023-09-04
907,329,2022-09-03
326,729,2024-12-10
407,537,2022-07-02
873,44,2023-11-26
87,38,2023-09-25
573,569,2024-06-21
845,390,2024-07-06
45,715,2022-11-22
139,493,2023-01-10
679,178,2024-01-16
194,429,2024-03-03
287,477,2025-05-25
760,926,2024-09-15
179,386,2023-03-19
102,840,2023-01-12
359,353,2023-04-04
248,894,2024-01-30
46,42,2023-03-06
746,533,2024-11-04
329,739,2023-05-22
151,58,2023-12-25
138,125,2024-05-02
366,132,2022-07-30
812,478,2022-07-18
586,135,2025-05-02
904,561,2023-11-22
110,26,2023-02-16
795,654,2022-06-23
1000,269,2025-01-05
47,86,2023-10-04
842,735,2023-08-18
560,757,2025-02-10
837,391,2022-08-23
794,695,2022-08-15
266,539,2024-12-15
911,48,2024-09-29
544,892,2023-12-20
190,809,2022-09-06
629,707,2024-06-17
315,431,2024-11-24
101,996,2023-06-17
722,526,2025-05-13
491,922,2025-01-07
511,751,2022-08-07
30,298,2022-08-27
185,321,2024-01-15
373,292,2024-04-16
753,513,2023-04-18
504,483,2023-05-03
513,123,2024-04-10
819,495,2025-01-11
972,737,2023-06-03
183,397,2023-10-25
190,27,2024-10-10
46,428,2025-01-16
26,184,2024-01-08
350,919,2025-01-26
633,862,2025-04-21
945,45,2024-05-19
933,745,2024-05-03
482,55,2022-08-10
690,987,2023-07-24
400,102,2024-05-14
333,866,2023-04-08
745,694,2025-02-21
903,48,2023-10-11
876,885,2024-04-02
39,797,2023-08-18
67,487,2022-08-18
580,972,2025-04-14
22,299,2025-02-10
187,403,2024-08-19
753,369,2024-09-29
727,762,2023-09-10
899,868,2022-11-05
542,42,2022-11-13
142,517,2022-07-07
231,329,2024-11-07
320,932,2024-09-10
600,312,2023-12-07
477,470,2024-05-01
713,189,2023-11-17
135,212,2023-08-11
165,729,2022-08-07
323,412,2022-12-09
180,220,2024-07-21
562,56,2024-04-05
504,689,2024-10-05
449,753,2023-03-31
41,699,2023-08-25
788,893,2024-01-11
53,673,2024-01-21
414,423,2022-08-28
724,54,2023-01-16
896,575,2023-01-24
483,931,2023-02-25
635,391,2025-04-08
370,645,2025-04-26
699,555,2023-05-26
579,230,2024-08-07
564,367,2022-12-20
997,743,2023-06-28
435,216,2025-05-04
233,496,2022-10-13
589,131,2024-02-02
92,228,2022-09-10
856,395,2022-06-27
553,586,2025-01-02
271,379,2025-02-25
9,230,2022-12-13
526,111,2022-10-05
418,398,2024-04-06
696,751,2022-06-16
612,263,2022-10-17
44,596,2024-09-15
530,81,2023-03-03
788,605,2023-12-30
959,78,2024-06-18
812,962,2022-11-08
779,785,2023-12-11
606,485,2024-03-05
842,316,2023-06-29
762,961,2022-10-26
947,369,2023-02-10
292,29,2022-09-05
844,771,2024-06-16
575,497,2023-05-07
138,645,2023-04-02
682,214,2022-08-08
1000,789,2025-05-04
220,943,2025-01-18
621,204,2023-06-05
913,641,2022-11-17
856,107,2023-08-23
591,590,2023-12-27
27,368,2025-05-17
13,470,2022-09-27
634,668,2023-04-13
447,433,2025-06-10
101,842,2023-03-02
679,819,2023-01-26
720,591,2023-03-17
892,554,2022-10-05
504,329,2023-11-13
956,984,2022-10-12
946,674,2022-11-18
291,185,2023-11-05
626,175,2024-10-29
994,193,2024-06-16
619,953,2022-12-19
746,994,2023-01-06
322,932,2022-07-01
650,797,2022-12-09
90,51,2022-09-25
121,533,2023-12-06
379,828,2024-12-01
933,182,2024-01-24
663,178,2023-01-01
702,435,2024-05-04
788,438,2023-03-29
878,511,2025-03-31
954,241,2023-09-19
652,434,2024-03-04
469,312,2023-06-23
949,391,2024-12-11
915,664,2024-10-22
39,90,2024-07-07
27,790,2023-10-08
700,510,2024-09-23
894,641,2025-01-20
280,153,2023-02-24
782,134,2024-12-03
102,555,2023-03-09
653,20,2022-10-20
807,78,2024-01-01
400,743,2024-02-01
426,881,2025-06-11
701,820,2023-09-06
57,669,2023-06-21
407,373,2024-03-04
75,803,2023-10-21
348,58,2024-09-02
728,428,2023-12-08
658,629,2024-07-25
82,433,2024-02-02
540,228,2024-05-13
120,316,2023-08-31
748,788,2025-03-28
86,552,2022-10-24
967,72,2023-11-22
894,991,2022-08-21
890,234,2025-01-14
586,609,2023-12-12
895,312,2025-02-26
770,955,2024-01-05
117,396,2024-11-17
499,83,2025-01-13
267,600,2022-07-02
373,910,2024-09-30
69,90,2023-08-02
844,761,2022-11-20
606,969,2024-06-07
21,50,2022-12-20
176,73,2023-02-16
999,140,2023-07-03
398,674,2024-06-23
594,320,2022-09-18
585,766,2023-08-21
576,43,2025-01-28
362,837,2023-07-22
128,670,2024-10-14
832,786,2024-01-27
122,510,2023-10-19
577,496,2022-10-08
960,563,2023-04-02
588,920,2024-03-01
344,65,2024-08-26
45,672,2024-01-10
919,382,2024-10-07
308,228,2022-12-23
574,527,2025-05-26
931,356,2022-11-15
525,751,2024-02-28
366,727,2025-05-12
953,932,2024-09-20
434,224,2025-04-27
533,346,2024-02-17
66,960,2024-01-22
966,722,2024-07-02
851,921,2023-02-28
454,956,2024-04-29
206,625,2024-01-30
15,914,2024-10-21
553,818,2025-01-22
501,399,2025-04-25
139,800,2022-11-02
330,517,2025-03-18
165,938,2025-01-03
142,317,2024-11-07
105,844,2025-04-23
434,754,2024-07-13
47,982,2023-02-22
403,995,2024-12-24
748,392,2023-10-03
672,662,2024-08-12
474,152,2024-08-09
40,534,2023-03-17
756,661,2025-05-13
761,739,2024-05-26
56,658,2023-05-08
659,957,2024-04-09
306,424,2024-12-29
74,38,2024-04-14
103,739,2024-02-12
207,302,2022-08-27
645,793,2022-09-16
358,471,2023-07-01
494,66,2024-05-02
513,116,2023-12-24
873,508,2025-05-05
577,509,2024-09-16
431,455,2022-07-25
77,192,2024-06-02
341,647,2022-09-24
3,14,2025-03-24
109,935,2023-02-28
507,450,2024-02-02
325,559,2023-10-19
795,179,2023-11-21
393,56,2024-01-28
204,269,2025-05-16
391,95,2023-01-06
798,370,2025-04-04
350,997,2023-10-24
839,142,2023-08-06
522,435,2022-09-09
634,347,2024-04-18
434,93,2024-08-12
922,405,2024-06-12
215,134,2023-11-03
855,760,2024-04-15
742,703,2023-12-07
926,146,2024-01-31
822,583,2025-01-10
30,497,2024-03-06
345,509,2023-10-07
188,37,2023-12-12
647,731,2024-12-28
601,206,2024-12-19
775,242,2022-11-04
124,281,2024-01-02
422,878,2023-01-16
784,327,2025-06-09
393,671,2022-07-27
406,753,2024-05-21
785,292,2023-05-30
161,19,2024-01-11
142,680,2023-08-26
405,416,2023-01-06
325,307,2024-05-01
803,834,2023-03-03
635,878,2022-08-11
746,300,2023-04-07
893,90,2022-07-18
387,367,2025-02-20
512,627,2023-07-15
932,984,2025-06-09
183,488,2023-08-07
945,774,2024-04-25
353,899,2024-07-06
792,452,2024-02-29
799,311,2022-07-19
387,632,2022-10-30
696,335,2023-04-18
362,984,2024-01-30
583,49,2024-10-16
718,768,2023-06-26
967,569,2023-07-31
826,530,2023-03-18
690,669,2025-04-04
658,308,2023-08-20
366,694,2024-03-27
751,127,2023-01-16
365,320,2023-07-07
709,130,2024-11-25
864,678,2023-05-04
185,798,2024-05-15
467,633,2024-05-10
892,102,2022-11-08
818,302,2024-01-20
662,463,2024-03-08
519,414,2023-04-07
58,205,2023-08-18
646,455,2025-01-20
124,379,2025-01-20
590,703,2023-01-15
153,702,2025-05-03
572,426,2025-03-24
669,996,2025-04-05
205,749,2023-06-23
473,792,2022-12-13
88,313,2022-09-11
893,332,2024-06-30
122,189,2023-06-10
549,293,2024-01-21
844,476,2023-06-21
602,534,2025-06-04
824,232,2023-11-27
194,65,2025-03-13
571,955,2023-06-27
440,615,2022-12-16
780,949,2024-03-07
811,33,2023-09-01
536,997,2024-03-22
941,637,2025-01-22
436,910,2023-02-14
882,322,2024-01-17
220,877,2024-10-19
198,35,2023-07-26
571,546,2023-02-16
737,758,2025-06-06
590,559,2023-12-20
384,311,2024-02-19
517,346,2023-08-18
544,34,2023-07-21
888,747,2025-04-23
495,178,2023-12-04
962,696,2023-03-31
760,598,2023-08-13
79,120,2025-01-02
173,801,2023-06-06
503,676,2024-04-14
777,687,2024-09-21
408,704,2024-10-10
221,469,2023-04-26
172,656,2023-03-29
95,64,2022-06-24
668,600,2023-05-18
640,681,2024-04-29
763,343,2025-02-02
788,516,2025-02-19
465,420,2024-12-05
452,72,2022-09-05
540,859,2024-12-14
771,612,2025-03-13
697,434,2024-04-02
648,392,2022-12-13
747,929,2023-01-20
558,584,2024-12-14
42,439,2023-06-16
987,352,2023-03-01
341,735,2024-11-01
261,626,2022-09-18
913,552,2023-07-20
267,557,2023-08-22
286,570,2022-09-20
362,529,2023-05-03
506,573,2022-10-11
257,921,2024-12-09
798,193,2023-01-23
757,155,2023-02-08
17,531,2022-12-23
975,643,2024-04-24
780,553,2023-02-06
195,537,2023-09-18
218,929,2024-08-21
156,51,2025-04-22
579,154,2022-09-30
929,941,2024-11-07
260,517,2023-10-19
864,403,2023-05-29
998,632,2022-07-03
903,394,2024-04-26
986,20,2025-04-25
953,889,2022-11-27
498,574,2025-01-18
236,425,2024-11-11
237,390,2023-04-22
211,252,2024-10-06
420,920,2022-09-19
750,417,2024-10-13
178,749,2022-12-27
916,449,2023-08-09
421,327,2024-01-17
117,510,2025-06-13
736,73,2024-07-17
282,806,2024-01-10
73,812,2024-02-21
362,686,2024-04-09
430,412,2024-12-17
676,882,2024-09-23
564,412,2022-06-23
163,68,2023-07-16
385,898,2023-02-28
167,596,2023-12-31
182,984,2024-02-17
160,142,2024-10-03
745,78,2023-08-30
14,762,2025-02-15
888,243,2025-04-05
595,893,2024-02-16
765,401,2025-03-12
90,83,2024-10-13
27,292,2023-09-15
719,550,2025-04-28
722,296,2025-01-17
643,152,2024-03-16
204,370,2023-09-14
590,814,2024-09-19
809,35,2024-01-27
828,951,2023-04-18
902,937,2025-01-16
172,646,2022-11-14
865,610,2024-07-28
918,207,2023-12-27
510,153,2025-05-28
912,47,2025-02-18
245,636,2023-04-18
290,787,2024-05-08
58,401,2024-08-27
954,538,2023-09-21
107,702,2023-07-19
944,790,2025-01-21
401,920,2024-10-26
375,602,2024-12-24
494,553,2023-04-27
465,1,2023-12-18
877,620,2023-05-15
599,755,2024-04-19
665,929,2022-10-24
680,600,2022-09-14
223,733,2024-07-14
666,665,2025-05-30
148,739,2022-07-13
111,34,2025-04-03
488,924,2022-06-22
882,289,2022-07-29
575,663,2022-12-03
58,931,2023-05-18
806,187,2024-05-16
201,193,2024-03-19
299,728,2025-02-02
726,981,2022-09-03
898,270,2023-03-02
987,836,2024-05-20
286,151,2024-12-07
102,708,2025-06-06
257,502,2022-10-20
784,284,2023-06-08
194,153,2023-05-29
821,660,2023-01-30
973,794,2023-06-06
386,997,2023-11-24
746,257,2024-01-08
464,279,2024-05-10
943,951,2023-09-25
850,723,2024-09-02
403,183,2024-07-02
423,915,2023-04-23
753,790,2023-04-23
524,967,2024-01-06
616,147,2024-04-22
650,60,2023-08-12
630,985,2024-04-25
263,554,2024-08-09
616,821,2022-11-20
135,368,2025-05-06
265,743,2024-07-11
744,332,2025-04-07
352,711,2023-09-22
307,331,2025-02-25
423,97,2024-10-27
661,563,2024-08-12
874,707,2023-05-02
175,935,2023-09-11
944,214,2024-09-11
628,386,2022-11-05
844,47,2024-12-29
561,970,2025-05-30
240,359,2024-07-26
592,994,2025-03-19
649,445,2023-04-27
122,25,2025-04-21
889,692,2022-08-31
371,617,2023-02-10
542,90,2024-11-23
545,653,2024-07-30
474,184,2024-11-17
449,536,2022-10-10
394,978,2022-11-09
294,662,2024-12-18
163,179,2022-11-01
705,233,2024-04-10
490,308,2025-02-03
85,488,2024-05-23
180,268,2024-05-03
454,471,2024-04-29
992,146,2022-08-19
793,840,2024-09-02
604,824,2025-02-10
153,888,2024-01-06
392,416,2023-09-14
274,769,2023-12-04
875,155,2023-01-25
371,967,2024-02-11
72,554,2023-06-29
949,449,2024-01-20
621,504,2024-10-03
822,494,2023-09-01
974,771,2024-07-28
373,402,2024-06-14
460,178,2022-12-26
684,789,2022-12-31
121,712,2023-07-04
161,519,2023-11-06
571,274,2023-03-28
309,503,2025-05-17
6,465,2024-02-21
376,35,2023-04-03
723,408,2022-11-11
761,663,2022-12-02
520,308,2024-03-03
707,692,2022-07-21
739,761,2022-11-19
248,752,2022-09-22
745,804,2024-11-27
239,932,2025-01-07
888,66,2024-09-06
588,857,2023-08-09
915,169,2024-06-05
630,445,2023-03-07
404,627,2022-10-06
809,267,2022-08-13
247,155,2025-01-23
771,978,2024-08-11
311,319,2025-05-03
827,321,2024-05-23
537,253,2022-12-25
481,730,2023-10-30
15,177,2023-02-06
26,415,2023-10-14
170,725,2024-08-10
942,567,2023-02-09
296,950,2024-02-24
861,871,2024-03-15
641,310,2023-01-06
820,690,2024-12-20
119,5,2022-07-18
209,802,2023-01-01
649,808,2022-12-03
276,483,2025-04-27
256,239,2025-03-08
346,807,2023-02-05
86,322,2023-09-10
485,593,2022-12-20
694,321,2022-10-04
496,751,2023-09-27
316,375,2023-06-09
267,370,2025-01-06
242,197,2022-09-06
244,615,2023-05-14
895,347,2024-02-12
423,617,2022-11-20
708,341,2025-02-22
521,106,2023-06-07
304,437,2023-07-19
391,405,2025-05-07
470,698,2024-10-28
512,286,2025-01-08
173,591,2024-01-29
193,569,2023-06-01
527,823,2025-04-10
605,105,2023-04-04
729,400,2022-10-27
186,301,2024-08-18
889,538,2023-11-05
87,933,2024-09-08
138,261,2023-12-08
416,614,2022-12-10
722,806,2023-08-20
912,521,2023-03-13
534,984,2022-07-07
853,206,2023-06-15
803,614,2025-01-19
578,267,2024-03-10
615,414,2025-04-25
694,707,2023-12-13
865,446,2024-08-08
998,710,2022-10-21
820,932,2025-02-19
301,224,2024-04-07
218,598,2024-12-31
206,215,2024-03-15
816,553,2022-06-18
347,111,2024-03-02
247,927,2023-10-11
675,959,2022-12-10
439,194,2023-06-13
88,116,2024-06-15
152,509,2024-03-30
650,148,2024-09-25
180,199,2025-03-10
492,465,2024-08-11
617,874,2023-02-05
598,595,2024-07-30
867,262,2024-11-27
913,607,2022-11-14
354,909,2025-04-23
953,414,2025-04-17
122,931,2024-01-05
249,972,2022-11-06
593,782,2022-07-16
976,434,2024-06-25
307,10,2025-05-16
295,710,2022-11-10
530,842,2023-07-20
158,296,2024-08-23
241,739,2024-08-19
222,460,2022-08-14
187,997,2023-01-08
75,298,2022-07-27
874,386,2022-08-03
356,460,2024-09-27
299,829,2023-12-03
764,371,2024-11-20
387,533,2024-07-06
989,489,2023-11-08
767,525,2023-12-19
7,657,2025-01-17
783,649,2023-10-09
216,687,2024-07-04
173,51,2024-07-14
670,857,2024-08-15
780,500,2025-02-02
59,969,2024-06-16
339,83,2023-07-12
361,925,2023-03-02
924,773,2024-01-23
982,980,2025-03-25
242,416,2024-11-07
798,405,2025-03-23
401,589,2024-10-29
363,68,2024-11-23
205,385,2022-07-30
218,467,2022-07-05
21,713,2025-05-22
863,354,2023-03-01
679,533,2023-08-15
449,745,2022-09-13
663,854,2024-03-04
403,778,2024-11-02
568,702,2023-06-02
581,821,2023-11-02
395,136,2023-07-01
580,676,2025-01-26
405,824,2025-04-26
580,447,2025-01-26
277,638,2024-03-02
30,123,2025-03-29
133,630,2022-09-26
803,604,2024-10-16
800,944,2024-05-20
849,720,2022-12-16
268,180,2025-03-27
643,472,2025-04-13
110,646,2024-09-14
962,368,2024-06-12
550,918,2022-09-25
23,120,2023-01-19
957,24,2023-04-15
940,466,2025-01-22
453,82,2023-12-28
979,686,2022-08-17
711,606,2024-12-04
695,927,2025-03-11
348,554,2024-03-08
87,141,2025-06-07
554,659,2022-09-14
422,360,2024-07-07
112,463,2023-12-15
173,293,2024-04-13
417,919,2022-10-20
983,427,2023-08-26
209,890,2024-05-10
149,610,2024-08-26
520,108,2022-10-20
599,401,2022-12-05
615,754,2025-01-20
593,98,2025-03-24
7,117,2025-05-03
149,875,2023-09-08
796,457,2024-09-17
837,229,2022-11-16
568,41,2022-10-20
628,55,2024-10-08
333,812,2024-06-23
707,119,2022-10-21
294,475,2023-08-09
56,912,2022-10-08
126,482,2025-03-12
991,552,2022-07-31
461,323,2024-04-22
159,516,2022-07-20
248,853,2022-11-12
997,303,2023-06-26
55,687,2024-09-06
74,557,2024-01-16
925,692,2023-10-08
372,925,2023-03-15
328,473,2025-03-26
453,733,2024-09-11
739,44,2023-02-05
799,58,2023-05-03
321,205,2023-01-12
553,182,2023-08-06
758,551,2023-01-30
628,850,2022-06-30
778,529,2022-12-29
123,943,2024-05-29
24,592,2024-06-13
790,503,2023-05-12
48,949,2024-01-08
325,669,2022-11-26
260,45,2024-10-23
892,896,2022-12-26
117,411,2022-09-22
296,642,2022-07-10
704,616,2024-02-17
255,232,2023-08-22
995,5,2024-01-12
567,876,2025-03-22
972,287,2025-01-13
756,254,2024-03-08
124,306,2023-06-08
786,505,2022-11-10
545,299,2024-03-30
181,660,2023-08-01
771,382,2022-07-04
847,866,2024-12-04
856,606,2023-01-14
468,52,2024-12-30
961,479,2025-06-10
497,524,2023-07-04
960,916,2023-08-07
738,321,2024-10-29
628,827,2024-11-20
661,775,2024-08-30
7,251,2022-06-17
973,224,2025-04-01
192,562,2024-08-08
23,604,2024-02-29
517,93,2023-06-29
545,829,2024-10-17
148,110,2024-03-16
321,447,2024-12-04
166,244,2024-10-13
940,47,2023-02-21
823,285,2023-10-26
475,850,2022-11-18
655,63,2023-01-11
913,587,2025-04-05
189,227,2024-02-08
356,404,2024-01-28
404,152,2023-08-14
722,727,2024-09-28
756,869,2022-11-05
64,641,2024-12-29
664,377,2023-03-27
756,640,2022-09-06
921,707,2024-09-06
116,688,2022-12-04
520,363,2022-11-17
914,668,2023-11-26
288,880,2022-08-13
676,122,2022-10-28
468,847,2024-04-19
653,218,2023-11-23
268,556,2024-02-17
633,160,2023-04-16
480,821,2022-12-15
529,597,2024-04-24
75,98,2023-10-14
581,873,2024-08-14
347,706,2022-09-17
537,43,2023-09-26
870,481,2024-03-24
458,802,2023-09-10
335,57,2022-11-05
903,20,2025-01-13
107,724,2024-01-19
916,713,2025-04-16
328,463,2022-10-11
809,587,2023-06-01
555,591,2025-04-25
79,253,2022-12-06
308,979,2025-02-02
711,838,2024-05-08
29,252,2022-06-24
377,175,2024-07-23
84,862,2025-01-20
869,494,2022-07-21
520,340,2022-08-19
317,655,2022-07-04
92,982,2023-07-19
898,557,2025-03-03
331,818,2025-04-29
588,251,2024-02-24
148,882,2024-10-05
498,586,2023-10-23
818,713,2023-09-22
972,771,2024-10-25
380,896,2024-04-28
528,465,2023-07-27
747,918,2024-03-23
106,98,2024-10-16
970,581,2023-07-02
883,284,2023-04-24
861,674,2024-12-26
399,500,2025-04-17
922,541,2023-03-18
642,752,2024-12-24
281,215,2022-11-12
415,444,2024-11-19
226,694,2023-11-04
858,376,2022-06-18
890,674,2022-08-03
799,964,2022-08-20
404,551,2022-10-23
230,664,2024-10-21
199,2,2022-10-28
912,612,2023-01-29
567,169,2024-11-15
521,727,2024-08-31
712,29,2023-09-11
817,460,2023-02-22
434,579,2023-10-21
325,901,2023-04-14
150,820,2025-04-14
31,454,2023-12-03
833,813,2023-09-23
639,719,2022-08-01
997,427,2022-06-30
103,708,2022-09-30
23,41,2024-08-20
659,288,2023-07-22
878,555,2022-10-11
56,892,2024-03-26
381,423,2025-01-22
983,757,2022-10-12
631,226,2023-06-26
949,615,2022-08-21
174,359,2022-09-16
414,457,2023-12-25
133,178,2023-09-06
295,765,2022-10-05
332,158,2022-08-14
829,964,2024-08-05
46,704,2023-06-15
160,311,2025-05-12
802,718,2024-11-23
38,471,2023-04-27
58,678,2025-05-14
930,229,2025-04-26
971,230,2023-12-07
686,506,2023-01-20
608,178,2023-08-29
324,419,2022-10-19
100,940,2023-01-17
1000,702,2022-07-05
334,878,2023-10-05
802,309,2023-07-03
136,368,2025-01-12
481,137,2024-06-26
586,159,2023-10-18
765,161,2024-07-25
428,247,2024-03-30
121,96,2023-12-11
821,587,2023-01-26
784,260,2024-02-21
721,649,2023-06-16
433,591,2025-06-15
393,375,2024-11-12
909,291,2024-10-14
395,973,2024-04-11
700,446,2022-12-04
105,8,2024-11-19
459,91,2025-04-09
869,75,2025-03-22
871,673,2024-12-20
620,8,2025-02-15
378,920,2023-10-07
476,409,2022-11-26
858,474,2023-07-08
980,171,2022-08-25
420,657,2023-03-06
102,756,2022-11-14
204,624,2025-01-06
746,678,2022-07-06
166,103,2022-08-18
844,167,2023-04-03
702,83,2023-09-13
403,424,2022-10-03
507,661,2025-05-08
37,712,2024-05-03
415,398,2022-07-13
324,805,2022-08-29
598,25,2022-10-21
482,488,2023-10-18
987,740,2023-11-30
123,406,2023-11-10
30,178,2025-03-13
642,68,2022-07-26
751,878,2024-09-13
85,114,2023-03-30
534,126,2023-03-01
524,570,2024-10-05
161,518,2024-02-11
136,345,2024-12-01
127,376,2024-02-22
375,627,2024-07-22
784,646,2024-07-30
319,955,2024-07-18
446,13,2024-03-06
297,299,2023-05-27
369,138,2024-06-16
503,547,2024-07-30
872,121,2023-05-29
263,831,2022-12-21
185,466,2023-03-23
488,275,2024-04-13
221,834,2022-07-27
26,738,2024-03-23
357,429,2024-05-24
478,310,2024-04-01
855,971,2023-12-12
113,334,2025-03-12
683,370,2024-10-21
177,727,2024-01-16
751,96,2023-12-08
604,980,2023-02-16
258,572,2022-08-26
811,110,2023-11-05
572,768,2023-10-10
258,343,2022-10-25
994,757,2023-09-13
28,784,2024-04-06
109,858,2024-09-14
835,733,2022-10-05
759,594,2025-03-07
68,182,2025-04-28
468,647,2022-11-25
302,498,2023-11-29
332,786,2025-04-24
1000,162,2023-11-29
507,638,2024-03-02
678,111,2023-03-15
454,254,2024-12-12
9,627,2024-09-28
393,244,2023-10-07
123,383,2023-02-02
29,605,2024-07-10
726,453,2024-01-01
585,185,2024-03-24
972,594,2023-04-28
989,763,2024-02-29
420,526,2022-10-18
153,936,2024-04-15
276,747,2024-11-16
417,457,2022-08-28
754,142,2024-12-03
130,135,2023-04-01
904,575,2025-02-08
255,395,2024-12-31
213,807,2025-04-28
600,84,2022-11-15
297,806,2023-02-05
487,143,2022-08-10
174,61,2023-11-02
62,265,2025-03-02
219,886,2024-12-27
494,676,2022-10-09
972,715,2023-09-09
971,750,2024-12-23
665,149,2024-06-09
402,184,2024-06-07
595,499,2024-05-07
148,188,2024-06-08
280,344,2023-03-27
753,527,2025-01-02
694,212,2025-02-28
967,636,2024-02-04
885,683,2025-05-17
581,192,2022-09-15
118,16,2023-07-25
242,497,2024-07-24
42,143,2024-04-20
866,175,2023-12-30
690,507,2023-12-20
596,580,2025-06-08
50,821,2024-03-17
805,165,2025-02-27
82,624,2025-02-23
20,124,2022-09-15
771,172,2023-10-16
632,502,2022-07-10
517,701,2024-12-18
310,222,2023-12-19
574,826,2024-03-21
831,339,2023-04-29
538,86,2024-06-09
870,559,2022-07-19
353,449,2024-12-01
51,376,2022-09-01
610,865,2024-02-05
450,647,2023-08-27
1000,525,2023-03-27
164,24,2024-01-23
793,312,2022-12-09
124,891,2022-10-25
848,922,2025-04-18
153,131,2025-02-08
706,838,2024-01-09
532,536,2024-09-01
457,771,2023-02-26
881,461,2025-05-28
20,919,2025-05-16
354,944,2023-07-30
794,313,2025-04-03
33,709,2024-01-27
919,573,2022-08-22
678,510,2022-07-14
674,885,2024-01-28
929,92,2023-09-17
430,116,2023-06-01
165,599,2024-06-15
846,94,2024-12-10
746,910,2022-12-30
460,553,2023-01-09
470,975,2024-02-23
993,787,2023-05-10
70,892,2023-08-31
758,475,2024-10-01
760,930,2024-06-17
362,920,2025-04-04
26,934,2023-12-27
813,676,2023-12-15
88,537,2024-11-27
126,792,2023-04-08
198,897,2022-12-14
411,287,2024-06-19
666,248,2024-02-19
327,553,2023-12-21
289,261,2023-11-05
200,598,2024-09-17
489,472,2024-03-11
37,571,2025-06-14
714,590,2025-03-31
868,648,2023-11-20
249,719,2024-05-12
280,69,2023-04-04
660,290,2024-03-22
544,487,2023-02-22
937,827,2022-10-23
842,101,2025-03-03
166,721,2022-09-20
837,889,2024-03-13
795,743,2022-10-17
218,731,2023-09-27
790,548,2023-12-09
881,932,2024-02-10
304,920,2023-03-14
860,909,2023-12-02
748,439,2024-06-23
356,701,2024-11-18
341,838,2024-02-12
534,70,2023-02-16
786,285,2024-08-16
509,651,2023-07-09
298,876,2024-10-16
281,378,2023-11-02
151,677,2024-11-06
705,68,2024-11-14
868,998,2024-06-19
157,757,2023-08-26
183,895,2023-05-02
138,515,2022-08-04
298,467,2024-04-08
720,605,2023-09-21
140,30,2024-05-17
610,590,2024-12-17
705,333,2023-08-02
799,489,2024-02-05
800,76,2024-08-13
202,270,2025-04-06
634,947,2023-09-29
66,346,2023-04-03
918,297,2023-12-28
934,979,2022-11-29
640,761,2023-10-15
150,754,2022-11-30
92,255,2023-06-21
916,516,2023-08-12
789,332,2022-12-08
414,126,2025-04-04
407,1,2024-03-12
11,1,2023-03-09
381,995,2024-05-06
190,152,2023-04-13
535,681,2024-02-05
709,717,2022-06-16
442,224,2025-05-11
656,333,2025-05-03
517,138,2024-10-16
324,497,2023-04-03
840,270,2023-08-28
39,742,2024-07-18
618,306,2023-02-20
195,352,2022-07-31
631,425,2023-10-06
433,898,2025-05-30
464,922,2023-08-23
744,36,2022-11-28
469,1000,2025-06-02
545,730,2024-01-14
506,244,2024-04-05
982,439,2022-08-29
242,958,2022-07-10
862,257,2024-12-14
42,375,2022-09-21
364,389,2022-09-04
215,446,2025-06-14
262,787,2022-10-17
729,667,2025-02-22
540,880,2025-06-09
4,528,2023-03-15
494,355,2024-06-09
758,56,2025-06-01
