person1_id,person2_id,created_at
77,481,2022-09-22
58,239,2022-07-04
524,563,2025-04-03
403,502,2022-10-07
795,877,2024-09-14
536,537,2024-04-29
134,988,2024-02-03
666,732,2024-05-10
17,323,2023-12-19
171,381,2024-11-15
480,987,2024-06-16
69,104,2025-01-04
308,386,2023-02-03
45,421,2024-10-14
225,617,2024-02-10
41,945,2022-10-19
171,417,2025-01-09
170,272,2025-04-22
352,837,2023-07-05
321,590,2024-11-01
381,455,2023-11-06
133,390,2025-03-07
78,454,2024-05-22
594,599,2024-10-22
154,184,2023-08-23
143,812,2025-04-10
664,700,2024-10-20
169,312,2023-12-24
463,530,2023-04-05
281,898,2024-06-06
611,773,2023-05-18
59,971,2025-03-01
590,750,2025-03-08
129,132,2024-06-22
43,846,2022-06-20
25,420,2025-03-08
464,876,2022-07-21
692,883,2022-07-14
129,806,2024-10-29
236,603,2024-12-23
658,741,2024-01-05
80,764,2024-09-05
73,725,2023-05-29
359,939,2022-12-19
105,714,2024-03-04
101,823,2023-09-30
469,990,2024-02-15
115,578,2023-08-18
93,968,2024-04-21
115,349,2023-08-21
434,889,2022-08-11
588,947,2025-04-02
122,357,2023-09-29
79,661,2025-04-10
735,737,2023-08-17
254,284,2024-08-22
3,522,2023-08-31
158,167,2023-05-30
335,766,2022-12-06
393,973,2023-02-24
42,221,2024-08-02
497,801,2022-11-01
409,688,2022-10-23
770,959,2024-03-09
857,927,2023-08-19
208,518,2024-09-28
143,272,2025-03-16
27,506,2024-12-19
69,94,2022-12-07
79,782,2023-06-04
694,820,2022-09-26
471,748,2022-07-14
198,324,2022-06-28
119,445,2024-10-06
66,555,2022-11-30
89,947,2024-04-23
318,956,2024-02-01
485,804,2025-05-16
582,965,2024-03-03
239,891,2022-07-13
107,592,2024-08-28
153,559,2025-05-28
441,617,2024-05-11
49,996,2024-10-15
306,572,2023-01-06
125,497,2024-05-31
60,251,2023-02-14
900,902,2023-01-14
62,706,2024-12-23
371,409,2024-08-20
256,571,2024-11-16
47,577,2023-08-04
315,477,2023-03-28
240,483,2022-08-11
217,845,2022-09-14
56,662,2022-11-20
94,774,2022-07-11
871,960,2025-05-30
751,815,2025-01-21
216,620,2022-10-15
638,758,2025-03-28
117,269,2022-10-28
789,927,2022-11-18
19,371,2023-03-30
56,747,2022-12-30
229,855,2022-09-08
169,953,2024-12-27
299,654,2025-03-12
24,306,2023-01-29
244,309,2022-10-04
327,752,2024-11-03
26,495,2023-09-12
111,719,2023-12-01
278,487,2024-05-01
80,731,2023-02-01
26,760,2023-09-19
103,455,2025-02-15
221,856,2024-05-10
402,602,2023-10-23
201,469,2022-12-09
371,651,2023-05-09
197,498,2025-03-02
204,394,2024-06-07
276,648,2024-05-07
354,747,2025-01-07
118,699,2022-10-22
962,975,2023-06-26
484,713,2023-07-01
202,469,2025-06-10
686,927,2024-04-03
311,641,2022-06-21
96,344,2024-01-08
530,536,2023-03-21
719,960,2022-10-27
32,179,2024-04-10
338,451,2024-01-24
543,740,2024-01-04
220,724,2024-09-27
88,196,2023-02-08
157,704,2023-07-20
375,783,2025-02-24
440,992,2022-07-18
407,815,2022-11-14
201,338,2022-09-15
954,984,2024-07-12
106,329,2022-11-01
700,988,2023-04-11
181,243,2023-01-20
31,335,2022-09-24
211,531,2024-07-31
249,643,2024-05-30
515,942,2023-11-09
715,967,2024-11-18
274,587,2023-10-06
629,635,2025-04-18
1,312,2025-03-22
186,852,2023-03-17
12,587,2023-01-18
352,735,2024-12-29
131,687,2024-08-10
645,908,2025-05-05
772,949,2022-10-06
371,376,2024-11-01
811,940,2024-03-20
651,659,2022-12-14
850,868,2023-01-27
20,447,2024-08-15
85,656,2023-10-04
240,450,2023-10-17
152,566,2024-03-30
640,649,2023-04-09
349,622,2023-05-31
107,680,2022-10-11
27,571,2023-08-09
495,676,2023-01-20
629,756,2023-07-07
72,722,2025-02-24
18,602,2024-11-29
408,528,2023-10-21
174,361,2025-02-14
85,512,2025-05-01
66,270,2023-03-20
76,463,2023-09-08
315,745,2024-04-07
99,941,2025-02-01
830,931,2025-04-22
328,684,2024-01-18
775,995,2023-08-26
204,734,2022-10-19
706,752,2024-11-18
945,997,2023-09-29
498,686,2023-01-05
117,357,2023-03-11
448,865,2023-02-06
143,229,2023-07-28
409,465,2022-11-21
217,969,2023-05-26
293,662,2022-06-26
180,642,2024-07-09
441,826,2024-08-09
783,971,2023-02-05
309,792,2024-02-27
209,476,2023-06-03
454,881,2023-02-25
190,197,2022-08-27
689,784,2023-04-22
301,559,2023-02-03
371,883,2023-02-09
219,489,2024-02-20
757,918,2024-08-09
235,842,2025-04-18
491,539,2024-11-16
667,881,2024-06-20
294,519,2024-03-06
453,692,2024-05-24
232,544,2024-07-02
157,779,2023-10-05
96,540,2024-11-23
76,296,2023-01-19
179,654,2022-08-09
419,815,2023-12-09
148,321,2022-08-06
112,664,2023-04-12
85,381,2022-10-24
250,714,2023-10-25
80,940,2024-04-05
112,255,2024-03-24
231,355,2023-03-02
470,637,2022-07-09
42,47,2022-07-05
378,899,2024-10-21
340,378,2024-03-08
78,607,2022-06-21
130,654,2023-11-04
779,834,2022-11-06
586,668,2025-05-10
278,552,2022-07-26
671,892,2024-01-21
44,236,2024-01-15
54,924,2023-06-20
162,377,2022-07-03
164,566,2023-11-13
339,418,2024-12-11
76,453,2023-09-13
287,902,2023-05-11
254,725,2023-05-29
81,388,2023-06-30
217,923,2022-09-11
317,781,2024-10-11
452,560,2023-12-09
827,852,2022-08-06
706,742,2023-05-09
250,462,2025-05-29
324,411,2023-12-08
644,730,2024-05-18
317,372,2025-03-09
107,791,2024-12-26
147,598,2025-04-08
441,816,2022-10-06
627,943,2023-02-16
15,70,2024-12-06
218,658,2022-11-15
451,866,2025-06-08
391,586,2025-01-15
618,714,2024-08-17
333,990,2023-02-19
376,543,2022-09-20
59,378,2024-08-17
231,862,2024-11-22
572,783,2024-11-26
698,859,2024-01-26
184,229,2022-06-21
73,541,2024-07-09
15,191,2022-08-12
321,612,2025-02-08
504,993,2022-08-02
598,920,2022-08-07
30,399,2023-05-15
252,512,2023-04-01
90,450,2024-07-08
104,385,2024-10-30
603,706,2023-08-05
562,854,2024-07-20
17,911,2025-03-25
333,702,2024-03-16
217,936,2022-10-25
253,593,2023-05-31
93,375,2022-11-25
654,937,2024-03-17
358,795,2025-01-02
766,998,2025-02-21
563,935,2024-05-14
76,551,2024-06-17
526,608,2024-01-08
88,791,2023-03-06
455,993,2023-11-21
670,881,2023-12-05
13,123,2023-04-19
730,932,2024-10-09
388,903,2023-11-27
39,898,2022-09-24
114,434,2024-10-02
246,819,2024-08-03
81,257,2023-07-07
103,919,2024-12-17
84,677,2023-03-08
94,721,2024-05-25
310,345,2025-01-09
565,980,2024-07-16
661,688,2022-09-06
225,652,2023-12-10
141,393,2023-02-03
119,899,2024-06-19
162,452,2023-11-11
105,592,2023-08-12
564,877,2023-12-02
596,680,2023-06-24
581,966,2024-11-24
61,930,2024-09-27
18,294,2023-12-31
391,805,2023-05-25
518,617,2025-04-16
430,504,2024-07-31
330,566,2024-06-03
391,396,2024-12-31
520,806,2022-10-09
123,761,2022-11-05
299,578,2025-03-16
707,781,2023-08-12
271,745,2023-10-24
63,567,2024-04-26
758,863,2023-01-24
629,978,2023-08-28
39,93,2022-08-30
507,872,2023-09-22
469,580,2024-07-07
635,649,2025-04-23
163,919,2024-03-09
96,749,2022-10-05
603,696,2023-11-03
503,758,2022-10-11
165,879,2022-10-14
162,465,2022-07-04
800,981,2023-11-03
568,595,2023-04-04
246,315,2023-11-19
531,713,2024-01-18
275,607,2023-07-06
359,866,2022-10-23
353,935,2024-02-09
609,632,2023-07-09
248,589,2023-02-03
602,858,2023-08-25
168,251,2023-10-01
146,578,2023-06-16
72,283,2023-10-12
677,888,2023-07-26
748,948,2022-08-08
47,226,2023-08-09
98,686,2025-03-29
720,849,2023-01-14
178,566,2023-01-09
398,798,2022-12-26
698,947,2023-04-14
772,896,2024-04-11
407,883,2024-01-05
568,837,2022-10-13
200,590,2022-08-09
251,901,2023-03-15
340,829,2022-10-15
655,990,2022-10-20
120,188,2025-02-20
192,442,2024-03-07
296,679,2023-03-04
587,971,2024-01-20
482,689,2023-04-13
689,839,2025-02-07
322,408,2024-07-21
728,830,2023-09-02
49,887,2023-08-20
420,714,2023-02-11
102,813,2024-12-05
313,359,2024-07-13
933,970,2023-12-10
299,424,2022-12-20
666,855,2023-01-25
63,413,2024-05-14
612,655,2024-07-28
484,735,2023-04-27
485,551,2022-06-19
31,344,2023-01-04
255,992,2025-03-06
227,664,2024-04-27
139,551,2024-09-03
105,824,2025-01-05
479,885,2024-07-08
384,913,2022-12-19
385,463,2024-07-01
395,922,2022-12-15
509,764,2023-06-15
83,921,2023-10-27
238,944,2025-05-05
393,589,2024-06-14
76,387,2023-09-28
6,966,2022-07-08
510,765,2025-05-18
710,790,2025-02-05
374,984,2022-12-20
702,935,2024-09-26
170,925,2022-06-26
136,932,2023-07-06
336,957,2023-11-17
879,976,2022-06-17
831,936,2025-01-28
245,430,2023-11-15
816,956,2022-08-04
649,779,2022-07-05
694,930,2024-06-30
117,955,2023-04-30
275,309,2023-02-21
392,894,2023-12-19
427,586,2024-09-20
767,771,2024-10-12
739,938,2022-10-03
410,762,2024-11-13
32,996,2023-06-18
207,848,2023-12-05
771,890,2023-07-05
254,780,2024-02-04
346,863,2024-06-12
247,512,2023-03-20
383,781,2023-10-31
78,145,2024-12-09
63,282,2023-05-12
294,852,2023-06-16
869,940,2024-01-04
574,906,2024-06-12
205,860,2025-01-19
155,514,2024-12-26
248,327,2023-11-28
243,886,2023-04-07
195,321,2024-01-06
404,840,2024-05-17
320,352,2022-11-25
238,548,2023-09-08
455,662,2023-02-12
346,755,2025-06-09
367,549,2023-07-12
220,350,2022-07-19
143,804,2024-03-10
592,667,2024-07-17
348,944,2023-10-01
340,940,2023-01-28
604,641,2022-09-21
213,985,2025-03-21
594,676,2023-08-04
167,380,2022-10-12
321,438,2023-04-12
546,785,2024-05-03
491,849,2024-02-03
557,794,2025-03-11
743,921,2025-06-02
279,966,2025-01-31
623,739,2022-12-24
282,446,2025-03-09
689,721,2023-07-03
719,972,2023-06-13
394,507,2024-03-22
210,686,2025-04-17
866,991,2023-04-14
270,737,2023-01-10
52,249,2024-03-12
250,759,2024-07-24
659,698,2024-12-16
373,484,2022-10-28
152,336,2024-11-03
415,975,2024-02-27
238,296,2024-10-31
495,855,2023-07-01
154,562,2022-10-14
795,967,2022-06-25
515,833,2025-03-28
20,482,2022-11-24
16,857,2024-07-01
526,928,2024-01-10
152,601,2023-04-29
386,539,2024-02-17
272,554,2022-12-11
77,607,2023-12-01
224,477,2022-08-25
199,304,2023-05-05
255,959,2023-10-26
544,567,2023-02-09
891,940,2024-12-06
296,502,2022-10-29
1,468,2023-12-03
274,563,2022-06-21
581,900,2023-07-07
128,280,2024-12-16
175,212,2022-08-09
220,363,2022-11-13
2,778,2025-02-03
310,665,2024-10-23
556,843,2023-12-18
491,597,2025-05-01
234,792,2024-02-20
254,770,2025-04-26
371,797,2024-08-05
79,509,2022-11-19
164,696,2024-08-27
470,659,2023-10-02
173,552,2025-03-18
106,462,2023-04-30
33,249,2022-07-21
110,761,2025-04-03
118,436,2023-03-15
134,826,2024-06-28
430,559,2023-08-13
458,541,2023-08-27
136,490,2025-03-02
30,997,2025-02-18
792,795,2025-03-20
21,540,2024-03-31
307,488,2022-12-22
203,925,2023-10-06
219,524,2025-01-31
366,808,2024-11-13
853,926,2022-11-15
885,995,2024-10-04
250,484,2023-03-17
274,841,2023-09-15
758,774,2023-01-20
510,709,2023-05-16
297,336,2023-05-07
4,837,2025-03-28
64,851,2023-11-03
155,252,2023-01-02
191,434,2024-10-20
639,710,2024-12-15
887,924,2022-09-29
77,561,2024-01-14
659,688,2024-07-15
685,826,2023-12-20
696,835,2024-07-05
240,704,2023-07-12
520,609,2023-07-09
140,208,2023-11-09
691,985,2025-05-04
464,714,2023-11-03
871,952,2025-03-12
117,490,2022-07-14
336,528,2024-10-03
649,759,2022-09-20
749,846,2022-11-17
488,662,2025-03-05
87,318,2024-10-25
632,935,2024-03-13
272,400,2023-07-29
83,613,2024-04-26
484,957,2025-02-26
778,909,2025-02-02
160,567,2022-08-13
629,637,2024-12-28
286,792,2022-11-01
47,281,2024-06-19
54,406,2023-11-05
63,491,2024-09-29
739,774,2024-01-04
262,471,2024-12-21
30,48,2022-09-16
75,465,2023-04-08
258,995,2025-05-31
48,102,2022-10-11
339,574,2024-03-28
491,937,2024-12-02
771,991,2024-02-25
55,406,2024-07-11
354,968,2025-01-18
86,659,2022-10-27
352,858,2024-03-17
164,807,2023-12-27
820,883,2024-08-09
553,768,2024-07-23
793,866,2024-01-02
839,982,2024-02-22
443,753,2025-05-11
234,759,2022-11-12
328,915,2025-02-20
159,994,2024-05-17
568,784,2022-12-02
32,773,2024-05-04
687,884,2024-08-12
158,620,2025-04-07
720,881,2024-11-14
726,961,2024-04-29
244,543,2023-01-21
181,752,2022-08-28
279,537,2022-11-30
17,766,2025-02-04
499,540,2024-01-06
124,254,2023-03-13
274,687,2022-10-07
17,128,2022-07-13
774,973,2023-12-22
271,947,2023-08-18
481,491,2025-03-26
780,824,2023-05-10
10,497,2023-11-28
60,992,2023-01-03
390,489,2023-02-28
341,862,2024-12-31
407,807,2023-03-28
251,825,2024-04-17
814,902,2023-10-10
144,433,2024-06-06
412,513,2022-10-29
176,651,2022-11-23
469,638,2022-07-09
441,805,2022-11-18
453,779,2024-09-09
452,585,2023-03-06
786,839,2023-12-28
78,115,2024-07-21
590,784,2023-01-21
462,635,2023-11-24
323,440,2023-04-29
722,940,2022-10-03
46,577,2024-03-22
594,754,2023-07-23
307,432,2023-04-13
609,654,2023-08-12
813,978,2024-11-08
193,330,2023-11-06
373,526,2024-11-23
765,901,2022-11-25
234,893,2023-04-22
13,894,2022-10-25
286,903,2023-08-16
475,690,2024-03-13
162,379,2022-07-23
455,861,2024-05-28
203,905,2024-06-05
318,892,2023-10-16
800,895,2025-03-07
380,687,2023-07-09
245,642,2022-11-15
699,812,2025-02-07
411,674,2023-10-31
101,448,2022-06-25
440,588,2022-12-06
276,751,2023-12-16
349,735,2025-01-14
422,805,2023-02-02
467,956,2025-03-01
547,836,2024-01-12
299,734,2023-12-30
625,984,2022-12-24
192,379,2022-11-28
128,852,2024-06-03
478,556,2024-02-23
15,566,2023-11-01
869,972,2025-01-12
793,833,2022-11-16
657,972,2024-10-23
18,836,2024-06-06
501,990,2025-03-24
44,745,2022-08-29
60,573,2024-12-21
849,913,2023-11-28
253,739,2025-05-05
767,960,2024-04-10
661,942,2022-12-30
181,225,2024-07-31
167,327,2023-12-23
680,812,2024-06-07
293,366,2023-03-27
622,987,2024-07-19
447,726,2024-03-22
227,457,2024-03-13
701,871,2024-03-17
486,946,2024-12-11
661,798,2022-08-29
243,810,2022-07-18
499,736,2024-08-27
553,856,2023-02-24
345,678,2024-06-14
259,675,2023-12-15
13,125,2024-06-29
626,697,2023-06-05
377,630,2023-02-24
449,506,2024-10-08
34,184,2025-03-17
320,361,2024-11-03
303,717,2022-10-09
792,994,2025-02-05
6,988,2024-08-22
410,663,2023-08-10
13,884,2025-05-17
749,803,2025-03-22
180,503,2022-08-22
693,759,2023-03-17
339,639,2022-07-27
263,766,2024-09-14
879,998,2023-10-12
318,473,2023-07-31
234,739,2024-05-07
737,914,2022-07-18
236,254,2022-12-23
448,811,2022-10-11
455,707,2023-10-21
522,617,2022-11-09
431,987,2024-05-14
701,848,2024-02-15
164,643,2023-01-16
52,173,2023-12-06
155,451,2024-06-29
815,869,2023-02-18
316,368,2024-09-06
232,634,2023-10-04
431,843,2024-01-16
233,370,2024-10-28
611,810,2022-09-18
479,511,2022-07-12
87,661,2025-05-02
22,415,2022-09-29
367,715,2022-07-22
389,474,2022-11-17
154,342,2022-06-21
506,644,2024-10-11
271,518,2024-02-28
572,595,2025-01-18
339,881,2023-06-24
191,754,2024-07-02
130,515,2025-04-30
256,474,2024-08-22
382,470,2024-01-15
427,621,2023-01-10
41,177,2023-01-29
375,431,2024-12-09
325,610,2023-12-16
878,902,2023-07-11
582,989,2025-02-26
244,356,2025-01-06
289,507,2024-11-10
216,294,2023-10-10
896,956,2024-05-01
29,962,2025-01-28
10,683,2024-02-29
269,794,2022-11-02
245,586,2024-01-03
445,611,2022-10-04
156,508,2023-12-14
106,916,2022-08-11
322,806,2024-01-29
439,982,2022-07-10
33,294,2024-12-02
423,708,2023-04-29
576,987,2024-12-09
1,490,2023-08-17
549,704,2023-07-13
224,764,2025-01-27
427,598,2022-12-06
10,575,2023-04-27
76,520,2024-01-22
124,417,2023-03-07
670,850,2024-01-04
95,390,2024-04-15
47,84,2023-05-24
519,946,2024-04-24
191,443,2024-02-04
460,488,2025-02-17
100,999,2024-03-15
249,713,2025-04-07
837,883,2025-05-30
385,982,2024-05-31
283,446,2022-07-21
676,786,2023-09-20
120,419,2023-01-21
60,288,2025-02-13
867,991,2022-08-20
251,759,2023-01-25
62,972,2024-11-27
205,908,2023-06-12
47,434,2024-09-23
277,667,2025-03-11
371,531,2022-08-23
126,992,2023-12-08
410,522,2024-11-15
3,284,2024-02-23
769,986,2024-04-14
428,656,2024-12-17
449,450,2024-11-17
522,849,2023-06-30
279,713,2022-09-01
721,829,2023-09-15
196,944,2024-09-03
386,430,2025-03-30
894,986,2025-02-12
102,671,2023-11-22
750,972,2022-11-04
824,921,2024-08-16
896,946,2022-10-08
38,772,2023-12-12
466,804,2023-02-17
515,580,2023-07-04
66,425,2023-11-21
108,687,2024-10-19
730,999,2025-01-31
363,568,2023-02-20
437,517,2025-04-01
228,523,2022-07-14
815,957,2024-10-19
12,719,2023-01-17
445,866,2024-04-12
673,873,2023-08-05
62,985,2024-07-04
483,978,2022-07-05
785,971,2023-11-26
657,785,2023-08-14
132,900,2023-08-03
407,610,2022-10-31
124,816,2024-07-23
81,180,2024-02-08
280,426,2022-10-20
4,342,2022-10-23
370,957,2024-04-20
678,844,2025-03-02
88,750,2023-07-06
110,243,2023-06-27
95,380,2025-03-18
94,235,2023-03-04
213,601,2022-09-24
635,739,2022-06-27
552,704,2023-09-11
35,594,2024-09-17
18,96,2024-11-17
131,302,2024-01-24
424,555,2022-08-05
197,247,2024-11-10
69,327,2025-01-28
143,276,2023-03-16
732,936,2022-08-17
94,765,2022-08-17
23,67,2023-10-09
213,722,2023-04-21
615,616,2023-05-26
23,741,2024-04-06
547,747,2025-02-15
672,778,2025-06-13
189,773,2022-11-05
530,923,2023-08-26
117,525,2024-06-05
625,666,2024-06-04
44,126,2022-09-07
227,885,2025-04-09
71,903,2023-01-27
754,816,2024-07-27
337,793,2024-11-23
438,696,2025-02-23
121,760,2025-01-12
354,882,2023-10-15
261,654,2023-05-13
476,844,2023-07-23
736,883,2024-02-10
697,812,2025-01-23
96,443,2023-03-10
153,419,2025-02-18
426,434,2023-05-31
463,910,2024-01-30
86,285,2022-10-08
158,390,2023-06-30
182,747,2023-09-09
631,759,2025-04-22
270,451,2023-11-30
268,670,2022-09-09
135,406,2025-03-11
87,595,2024-12-24
81,435,2024-01-08
71,916,2023-05-16
361,718,2024-02-12
272,677,2022-10-28
293,434,2024-08-18
84,855,2024-10-26
20,196,2022-07-25
567,823,2023-02-28
53,867,2023-10-11
324,952,2024-09-30
808,885,2025-04-25
560,820,2022-07-09
89,411,2024-12-18
180,944,2023-04-08
330,623,2024-03-21
106,729,2023-05-11
375,774,2025-05-08
628,954,2022-08-20
829,944,2025-01-07
352,870,2023-08-10
61,169,2022-07-06
433,715,2023-08-09
562,600,2023-10-15
662,687,2023-02-16
192,509,2023-08-05
1,941,2024-06-08
525,569,2024-01-20
515,933,2024-06-08
355,652,2022-07-20
790,872,2024-09-29
405,918,2025-04-08
377,819,2025-03-09
265,349,2024-09-19
50,52,2023-06-19
118,824,2024-12-09
468,565,2023-03-30
721,894,2024-09-18
246,601,2023-02-08
10,653,2022-07-15
17,549,2024-08-19
460,481,2024-04-27
250,342,2025-01-19
36,153,2024-10-20
681,943,2025-03-29
80,159,2024-09-17
240,297,2024-11-16
292,344,2024-02-12
494,967,2025-04-24
201,751,2025-04-02
130,282,2023-04-27
192,931,2025-06-06
64,745,2024-01-23
338,576,2023-09-23
28,679,2024-08-12
259,432,2024-10-05
130,547,2023-03-28
659,811,2025-05-03
745,963,2023-11-10
512,612,2025-06-07
698,739,2023-03-04
394,885,2025-03-06
217,960,2023-04-19
312,703,2024-07-03
124,881,2023-04-12
125,468,2025-06-14
140,331,2024-10-08
129,996,2023-05-06
61,941,2024-03-02
618,895,2022-07-28
398,626,2023-04-12
437,703,2023-04-06
342,731,2023-03-17
36,130,2024-05-31
221,441,2024-10-08
447,604,2022-06-29
544,945,2023-05-18
726,842,2024-06-09
390,478,2024-12-18
615,825,2024-12-30
487,676,2023-10-15
686,885,2022-07-04
161,246,2022-06-25
32,510,2022-07-26
167,1000,2023-07-14
72,991,2024-05-14
348,746,2024-02-16
45,745,2023-09-06
286,771,2024-03-12
247,700,2022-09-11
272,873,2025-02-23
74,363,2024-02-10
140,308,2025-04-25
149,393,2023-10-11
655,939,2023-03-25
66,395,2024-10-25
170,861,2023-03-27
479,942,2023-12-10
801,993,2023-02-20
444,984,2022-12-24
179,272,2025-01-25
278,314,2024-06-03
722,965,2023-02-26
514,936,2024-06-02
165,782,2023-01-03
306,641,2023-12-23
114,291,2023-10-11
148,204,2023-05-29
140,200,2024-02-12
409,999,2023-02-20
356,727,2025-04-24
153,664,2025-06-07
230,359,2025-05-19
669,958,2022-07-03
282,549,2024-12-28
358,953,2025-01-01
506,522,2024-01-29
118,297,2022-08-04
225,280,2023-02-28
618,620,2022-10-13
20,814,2023-12-23
435,498,2022-10-18
209,421,2022-09-08
422,565,2023-01-25
541,894,2024-03-02
602,761,2024-12-10
468,532,2024-07-01
322,478,2022-09-02
338,422,2023-09-26
382,757,2023-04-22
180,659,2022-07-13
408,666,2024-04-11
520,807,2023-07-15
68,152,2025-05-19
224,436,2025-02-23
291,346,2023-07-31
126,687,2025-04-13
34,461,2023-05-04
368,715,2022-07-20
568,740,2023-07-24
532,817,2023-04-30
738,922,2022-11-27
739,887,2024-03-24
137,553,2022-10-10
546,721,2023-02-02
157,531,2023-05-25
290,795,2024-08-08
591,643,2024-09-06
113,690,2024-10-21
308,520,2024-08-05
573,854,2025-04-11
773,885,2023-08-05
425,467,2024-03-15
109,576,2024-06-05
121,321,2022-11-27
305,896,2024-09-28
319,565,2024-05-27
227,302,2025-04-27
54,905,2025-05-01
242,876,2025-06-07
10,224,2024-02-25
81,513,2025-06-13
92,788,2024-05-06
138,904,2024-08-28
58,795,2024-01-27
212,853,2022-10-26
929,988,2025-02-02
158,733,2024-11-06
46,412,2024-04-11
561,592,2024-06-07
323,949,2024-01-07
325,501,2023-05-29
215,449,2023-01-15
295,329,2024-03-07
528,680,2025-03-10
11,570,2023-06-11
71,850,2024-11-07
353,828,2025-05-22
599,969,2023-02-24
360,458,2023-05-27
310,866,2025-05-16
150,505,2024-07-14
121,707,2023-10-16
103,164,2025-04-30
118,781,2023-09-08
332,890,2022-09-11
226,500,2024-02-20
262,682,2022-09-07
238,474,2023-07-18
264,346,2023-11-28
7,312,2023-02-23
575,998,2024-10-24
496,625,2023-02-22
146,592,2024-12-09
144,811,2025-06-01
112,599,2025-03-26
386,573,2023-03-11
501,560,2025-03-08
263,359,2024-06-23
51,997,2024-06-14
714,969,2024-04-09
578,779,2024-11-04
365,406,2023-06-25
65,114,2022-10-23
461,868,2023-09-06
90,287,2023-12-21
403,518,2022-11-25
180,626,2023-12-09
512,690,2025-02-06
46,137,2023-01-19
7,783,2022-12-30
81,732,2023-10-26
147,677,2022-12-15
576,711,2023-09-17
829,891,2024-10-01
172,621,2024-08-03
333,575,2023-11-12
180,482,2022-10-04
412,868,2025-01-23
70,610,2024-12-15
66,231,2022-07-12
189,939,2022-12-15
467,804,2022-09-04
145,524,2024-01-01
253,286,2024-01-17
289,797,2023-08-15
50,781,2023-09-21
26,423,2022-11-02
566,782,2024-07-18
397,861,2023-03-07
280,425,2023-05-03
503,991,2023-06-20
309,897,2024-12-05
341,929,2023-06-19
435,707,2024-04-13
506,996,2022-10-12
287,729,2024-08-15
580,802,2022-09-04
808,809,2025-03-21
111,503,2025-04-22
285,768,2025-03-10
84,635,2024-05-07
94,679,2024-09-04
194,766,2023-10-06
536,795,2024-09-23
448,911,2024-07-22
227,534,2024-08-27
353,530,2024-08-17
149,880,2024-03-23
48,977,2024-11-30
27,100,2023-12-26
10,456,2022-11-29
557,854,2022-06-24
78,182,2024-03-26
390,677,2024-06-23
97,195,2023-10-26
9,577,2023-06-02
153,621,2022-12-26
582,618,2024-08-15
136,272,2023-04-18
254,673,2024-10-10
822,865,2023-02-25
161,445,2023-12-08
8,123,2022-08-07
391,907,2024-01-04
75,787,2024-01-12
250,410,2023-12-25
228,800,2025-03-29
146,847,2023-04-24
240,774,2023-08-10
829,989,2024-09-23
227,655,2025-04-26
177,834,2022-07-31
572,695,2025-04-16
708,964,2025-02-07
320,739,2024-08-25
27,257,2023-09-30
441,620,2023-04-16
28,976,2025-02-04
640,829,2023-05-26
360,546,2023-07-01
487,587,2022-12-14
94,921,2023-04-27
398,429,2023-12-01
449,740,2023-02-16
344,458,2022-12-18
492,558,2025-04-10
442,966,2023-03-27
850,940,2024-04-10
102,372,2022-10-10
305,997,2023-02-24
634,907,2023-04-17
108,303,2022-09-29
474,689,2024-02-11
515,690,2023-12-25
32,722,2022-12-18
292,798,2024-04-01
611,923,2022-07-29
336,575,2025-02-16
397,936,2024-01-26
368,384,2023-01-15
530,971,2023-12-03
571,972,2024-12-03
303,663,2023-07-26
171,364,2023-04-20
285,349,2025-04-19
348,814,2023-09-26
351,560,2023-10-16
245,313,2022-11-01
803,949,2023-10-26
6,705,2025-03-18
341,775,2024-08-09
554,919,2025-03-19
109,160,2022-10-25
233,604,2025-02-14
259,742,2023-12-08
195,986,2022-09-19
317,683,2022-11-12
102,758,2023-04-17
163,625,2024-06-17
363,799,2025-05-12
375,544,2024-11-12
137,981,2024-09-08
182,903,2023-02-14
31,96,2022-09-05
47,678,2022-12-04
503,729,2023-06-18
121,664,2023-10-25
397,419,2024-08-30
529,867,2024-06-21
393,943,2022-09-05
515,703,2024-07-08
615,641,2025-02-17
807,811,2022-07-28
185,419,2022-10-04
152,242,2024-07-27
142,723,2024-01-08
180,835,2023-01-10
174,675,2024-02-17
96,347,2024-12-20
206,707,2024-05-02
789,799,2025-04-21
285,771,2024-05-03
180,426,2023-03-12
79,523,2024-03-19
386,674,2025-01-26
71,519,2023-02-12
493,657,2023-01-16
89,567,2023-11-13
96,612,2023-11-29
256,564,2023-01-07
521,984,2023-12-12
337,409,2022-11-07
232,881,2024-05-11
389,685,2022-09-21
655,984,2024-01-02
508,785,2024-08-16
188,286,2023-02-05
9,580,2023-10-05
431,681,2023-12-05
576,956,2024-04-15
792,809,2024-08-02
360,657,2022-07-28
404,929,2024-07-09
508,641,2024-04-18
255,986,2024-05-07
793,890,2023-02-28
71,411,2023-07-03
101,662,2024-01-18
292,379,2025-04-26
83,385,2025-02-02
425,643,2024-12-23
423,533,2025-01-30
542,670,2024-06-17
375,413,2023-12-05
694,767,2024-05-06
845,936,2024-04-01
582,971,2024-02-01
317,408,2023-05-05
186,891,2023-02-10
828,883,2025-05-06
232,858,2025-02-22
39,463,2024-09-30
225,590,2023-09-18
285,604,2023-10-19
144,336,2023-03-14
284,496,2023-09-24
259,323,2022-12-26
274,711,2025-04-29
90,136,2024-06-09
454,678,2023-07-01
674,681,2023-08-26
33,96,2022-11-03
552,575,2025-02-06
389,963,2024-12-22
369,719,2025-01-17
376,844,2024-04-04
212,247,2024-07-08
144,192,2022-07-17
476,702,2023-04-05
727,958,2023-02-06
305,820,2025-01-03
310,898,2023-09-07
344,811,2024-02-22
76,731,2023-06-05
659,823,2024-06-24
446,679,2023-09-09
505,994,2024-11-18
176,675,2023-09-25
462,803,2023-03-28
564,671,2022-08-14
68,318,2023-11-30
628,835,2023-02-10
68,89,2024-05-13
613,792,2022-08-05
170,631,2023-10-19
41,895,2023-02-13
391,599,2025-01-30
28,547,2024-01-24
787,864,2024-10-17
40,112,2022-10-14
247,362,2025-05-12
800,883,2024-04-15
736,898,2022-11-04
675,888,2024-01-28
331,849,2025-04-22
46,457,2022-07-09
714,736,2023-08-05
93,123,2024-10-18
397,651,2023-06-16
255,567,2023-07-07
408,809,2024-10-02
426,943,2022-08-24
83,869,2022-08-08
280,480,2023-02-01
373,442,2024-01-23
798,851,2025-05-30
136,206,2024-12-20
60,247,2023-08-23
8,57,2024-08-10
391,612,2023-04-30
511,528,2022-12-09
407,965,2023-07-30
403,586,2023-09-12
453,672,2024-02-12
429,989,2023-03-15
28,645,2022-06-30
12,966,2024-12-28
253,763,2024-09-20
119,912,2024-01-14
716,902,2023-12-17
775,988,2024-10-30
539,977,2022-08-01
2,98,2023-04-22
164,834,2022-07-12
425,875,2024-05-08
324,643,2024-07-09
45,96,2022-07-23
244,305,2024-09-14
34,581,2024-11-23
360,745,2023-08-04
93,630,2023-08-29
756,831,2024-11-28
620,821,2025-01-31
160,162,2025-01-15
323,863,2022-09-07
70,354,2023-12-20
94,482,2024-07-26
148,602,2024-08-26
836,939,2022-07-08
541,942,2024-09-06
942,957,2024-01-30
57,829,2025-03-19
247,581,2022-09-28
158,503,2024-03-21
124,739,2023-08-18
725,879,2024-12-13
419,507,2025-01-12
89,223,2024-10-23
128,480,2023-09-24
529,824,2024-09-07
502,541,2023-05-13
155,354,2023-10-31
45,482,2022-10-03
339,663,2025-05-13
479,823,2024-03-08
498,836,2023-08-02
292,588,2023-09-29
232,308,2023-02-14
327,954,2023-09-04
333,885,2023-04-17
158,853,2023-04-23
207,629,2024-07-25
447,498,2023-12-23
318,991,2023-08-09
310,721,2025-06-08
430,674,2024-08-21
238,473,2025-04-23
297,559,2024-09-28
360,987,2024-08-07
295,449,2023-10-24
661,835,2024-03-10
38,564,2022-07-13
633,773,2024-10-08
65,172,2023-10-19
296,450,2023-11-20
782,981,2022-10-13
147,470,2023-05-22
308,424,2022-11-20
488,620,2024-05-06
144,810,2022-09-15
472,941,2024-02-20
380,678,2023-01-29
295,979,2025-04-13
13,18,2024-03-27
444,842,2022-09-15
630,969,2023-08-31
116,339,2024-12-20
400,772,2024-01-10
514,794,2024-12-22
260,383,2024-09-26
238,859,2022-08-19
138,543,2023-12-08
130,768,2023-09-10
197,592,2024-09-04
54,809,2024-12-16
709,889,2022-07-26
53,584,2024-07-10
29,721,2024-04-02
179,925,2025-01-26
689,767,2023-04-05
729,803,2023-01-31
20,263,2024-02-22
337,873,2023-12-03
283,902,2023-12-15
964,971,2025-05-02
675,868,2023-03-01
406,972,2023-11-03
142,225,2023-11-27
220,553,2024-02-14
71,839,2024-09-03
460,571,2024-08-27
332,614,2025-03-21
771,841,2023-09-25
683,957,2022-09-08
68,275,2022-11-02
714,981,2022-06-30
702,827,2024-01-06
488,489,2022-10-27
620,788,2023-01-18
666,904,2025-01-24
560,923,2022-10-18
52,187,2025-02-10
42,668,2023-12-10
96,788,2024-05-02
97,338,2024-01-11
145,680,2022-11-16
110,951,2025-01-29
3,596,2023-09-17
64,426,2022-06-26
56,193,2022-10-22
236,389,2025-06-11
310,338,2024-08-13
157,245,2025-02-04
61,537,2023-04-09
272,986,2023-06-04
782,971,2025-02-14
333,816,2024-02-23
142,611,2022-12-14
179,529,2023-04-30
205,667,2024-07-05
459,812,2024-11-11
344,974,2025-04-24
27,135,2023-07-27
240,279,2024-04-08
12,272,2023-11-15
262,792,2023-02-01
103,539,2023-06-12
13,911,2024-09-11
223,455,2025-06-11
180,759,2025-03-28
723,778,2022-12-13
719,887,2024-08-07
90,456,2023-11-17
296,790,2023-05-30
254,973,2022-12-29
9,468,2023-11-13
33,825,2025-06-08
789,988,2022-06-22
532,917,2024-07-23
452,808,2023-01-20
137,653,2022-09-26
312,505,2023-10-31
157,631,2022-09-27
819,867,2024-04-30
316,804,2024-03-28
449,739,2022-08-28
249,485,2024-05-13
826,991,2025-02-08
820,831,2023-06-29
698,842,2022-07-01
186,285,2023-01-13
169,461,2023-04-23
523,544,2025-03-11
144,813,2023-09-26
84,539,2024-08-23
71,191,2023-07-23
791,889,2024-10-03
583,860,2025-04-05
609,998,2024-02-20
643,911,2024-05-19
4,775,2023-01-24
413,714,2024-03-26
866,919,2022-10-06
211,579,2023-02-08
247,273,2022-12-28
177,437,2024-02-23
62,636,2022-11-01
257,695,2024-01-09
340,989,2024-05-22
670,864,2023-08-09
223,553,2024-03-07
340,580,2025-01-06
73,465,2024-04-08
511,956,2025-05-10
336,875,2024-09-01
483,894,2024-04-21
792,975,2025-03-08
295,694,2023-01-31
396,517,2022-06-18
558,924,2023-02-25
202,651,2023-02-08
769,964,2025-03-30
473,965,2024-04-19
607,965,2022-11-20
422,511,2023-11-19
655,862,2022-06-16
141,232,2022-09-09
672,802,2025-05-13
299,440,2022-11-13
718,918,2024-11-16
184,310,2023-09-25
253,818,2023-11-14
382,703,2023-05-13
298,969,2024-09-25
239,654,2023-03-06
7,268,2023-08-20
467,518,2024-10-11
176,720,2024-07-29
90,302,2023-07-10
276,578,2024-12-21
368,661,2023-05-29
741,757,2022-09-09
35,860,2024-04-09
712,959,2023-02-05
107,211,2022-12-15
225,612,2024-05-10
195,998,2023-04-16
3,419,2022-11-19
169,451,2023-10-08
171,906,2023-10-13
117,935,2024-07-16
334,375,2023-03-17
75,789,2022-10-25
852,975,2025-02-26
231,282,2024-05-30
32,976,2022-12-28
421,788,2025-01-20
209,380,2025-01-08
70,710,2024-10-07
748,774,2023-06-30
537,999,2023-09-23
425,907,2024-04-22
212,534,2025-01-31
258,501,2025-03-20
570,767,2023-01-11
94,658,2023-07-31
266,770,2025-04-03
287,564,2025-06-11
572,962,2023-01-16
150,824,2023-07-16
811,978,2023-01-15
98,139,2024-03-19
333,796,2023-06-10
187,333,2025-03-10
76,874,2025-03-15
891,943,2023-12-19
28,425,2022-06-30
111,868,2023-04-11
205,503,2024-05-25
460,613,2024-05-19
560,700,2023-08-26
117,539,2025-06-11
43,324,2024-07-26
282,606,2023-04-12
101,265,2022-08-17
856,878,2024-03-04
662,747,2022-07-19
681,846,2024-08-10
472,852,2023-11-14
9,713,2024-04-11
563,970,2023-10-27
604,742,2022-12-23
627,991,2024-09-14
802,843,2024-05-25
406,906,2024-02-03
71,544,2022-10-07
27,92,2023-07-26
792,978,2024-04-17
105,277,2024-08-05
169,670,2024-07-28
622,912,2022-12-26
39,969,2025-01-03
408,952,2022-09-14
387,929,2024-12-16
154,169,2022-10-24
780,860,2023-10-14
408,988,2024-08-02
473,788,2023-05-26
65,734,2025-01-11
714,771,2023-04-16
363,693,2025-01-05
320,731,2024-06-02
347,834,2024-09-01
547,630,2023-06-15
613,804,2024-06-21
826,948,2025-02-26
438,723,2025-02-23
119,332,2022-12-18
185,277,2025-05-31
391,611,2024-08-15
281,739,2023-07-22
655,986,2022-07-01
111,593,2024-06-13
51,691,2023-09-15
135,950,2024-06-16
207,301,2022-08-22
85,275,2023-01-13
517,872,2024-09-27
76,455,2022-11-24
140,885,2023-04-04
270,357,2022-12-22
308,469,2022-08-03
567,958,2024-04-12
546,935,2024-07-09
613,696,2023-09-07
93,135,2024-05-12
233,295,2024-12-24
121,908,2025-04-12
274,821,2023-05-23
295,615,2024-02-20
537,557,2022-10-23
736,766,2023-11-09
75,383,2024-12-18
205,578,2022-09-18
354,441,2025-03-31
168,839,2022-09-20
691,880,2025-03-18
241,909,2023-01-02
389,844,2022-09-18
134,554,2023-05-29
68,343,2024-05-02
435,545,2022-07-08
227,516,2022-12-18
288,612,2022-06-27
180,441,2024-05-15
88,852,2023-11-02
183,595,2025-02-01
430,552,2025-04-14
146,793,2023-05-19
81,318,2024-07-01
749,826,2025-04-14
54,975,2025-01-18
499,651,2024-09-12
558,737,2024-09-01
209,998,2023-05-22
176,821,2023-08-05
557,921,2023-04-26
672,759,2023-04-17
544,573,2024-02-25
62,570,2023-09-12
109,502,2024-12-17
127,550,2023-04-10
416,653,2023-01-20
87,743,2025-05-24
361,866,2023-03-27
802,954,2023-10-10
159,768,2022-09-25
642,736,2023-07-10
246,507,2023-07-19
374,921,2024-10-09
239,876,2024-01-10
440,866,2024-12-11
307,602,2024-07-07
242,393,2022-12-19
178,866,2025-04-21
353,718,2024-03-18
191,656,2022-12-03
76,589,2024-02-29
390,636,2025-06-09
484,829,2023-10-04
624,952,2024-05-24
670,690,2024-07-02
254,861,2023-04-28
39,936,2023-06-26
536,839,2025-05-12
451,917,2024-02-10
411,844,2024-09-07
437,982,2023-04-06
652,907,2023-12-30
718,852,2023-02-01
88,685,2023-02-10
23,61,2023-03-28
631,704,2025-03-22
109,250,2024-01-03
167,749,2024-05-07
169,264,2023-11-18
159,745,2023-11-10
397,882,2023-06-04
551,711,2024-02-23
53,992,2024-06-06
30,185,2025-02-27
243,329,2023-06-04
41,609,2022-10-08
88,312,2023-07-14
500,894,2025-02-27
282,406,2022-12-06
75,193,2023-11-19
532,697,2023-06-19
417,896,2025-03-01
405,742,2023-01-07
91,466,2023-07-13
556,911,2022-12-11
803,931,2024-02-05
457,523,2024-09-17
290,940,2023-10-10
166,990,2024-04-21
141,588,2024-03-27
627,827,2024-07-16
39,540,2024-08-25
371,721,2023-11-17
2,738,2023-03-09
52,101,2024-08-16
839,975,2024-04-04
23,303,2023-11-26
70,235,2023-08-29
471,579,2022-07-29
198,829,2025-03-30
667,899,2023-02-27
453,939,2025-04-05
43,775,2025-03-27
77,688,2022-10-12
392,700,2023-09-25
26,48,2023-04-07
718,950,2024-03-09
245,272,2024-03-27
737,963,2022-12-12
241,647,2022-12-15
94,448,2023-05-11
333,730,2024-03-31
232,827,2024-07-19
646,961,2024-01-11
421,434,2025-04-23
2,630,2024-02-28
100,119,2022-11-15
27,952,2024-06-12
779,816,2024-10-27
671,874,2022-08-13
230,494,2022-09-23
537,645,2024-10-31
696,818,2022-11-18
428,738,2023-06-30
448,716,2023-08-24
10,899,2023-11-02
513,553,2024-06-06
900,962,2023-01-21
130,672,2022-12-21
272,347,2023-05-19
570,678,2023-01-04
830,903,2025-01-11
60,576,2023-10-07
175,185,2024-08-17
668,841,2022-12-01
473,745,2024-02-14
578,947,2024-10-13
24,510,2022-06-21
765,773,2022-12-07
255,788,2022-10-03
475,791,2024-02-08
81,406,2023-08-21
147,580,2023-02-03
64,582,2023-11-15
573,688,2023-08-02
426,526,2023-11-05
15,726,2023-03-09
322,734,2025-03-16
403,542,2023-08-14
165,750,2023-05-30
220,457,2025-04-06
267,389,2023-08-28
793,993,2023-06-09
34,187,2023-04-22
551,822,2024-06-24
378,485,2025-01-27
151,851,2024-03-31
178,954,2024-01-22
239,555,2023-07-01
92,393,2024-06-19
206,378,2025-05-14
417,827,2022-07-15
307,955,2025-02-10
422,942,2022-12-28
50,396,2023-02-28
72,972,2023-07-18
81,383,2023-12-17
152,672,2022-06-17
291,867,2024-04-02
447,477,2023-08-26
231,965,2022-09-08
625,892,2023-02-23
143,852,2023-12-15
172,501,2022-08-03
378,606,2023-05-12
349,957,2022-09-25
289,677,2023-08-10
43,356,2022-12-30
476,769,2022-11-28
237,258,2023-05-22
45,811,2024-06-25
73,235,2023-11-24
416,983,2023-03-29
183,781,2025-04-27
159,195,2022-12-29
316,816,2023-08-26
631,828,2024-01-04
348,848,2022-10-10
449,751,2024-11-15
400,895,2023-06-30
316,901,2024-08-27
517,662,2024-06-03
120,697,2023-09-02
254,697,2024-11-16
87,291,2022-12-09
105,754,2022-11-04
346,780,2023-12-23
122,132,2024-07-07
211,735,2022-06-28
465,651,2024-06-01
105,345,2024-06-19
439,599,2023-09-22
61,647,2022-08-14
62,383,2023-09-24
6,631,2024-09-06
69,242,2022-10-21
15,271,2024-11-16
602,742,2025-03-07
650,782,2023-12-18
37,555,2024-10-18
88,112,2024-08-04
453,533,2024-12-27
556,891,2025-05-16
248,738,2022-10-16
645,703,2022-12-29
139,831,2023-09-23
82,297,2024-09-25
550,551,2025-01-24
162,1000,2022-09-11
125,295,2022-06-23
276,842,2025-04-20
286,886,2024-07-30
550,587,2023-03-25
528,648,2024-01-01
460,550,2024-04-19
753,766,2025-01-26
485,723,2023-10-05
53,275,2023-11-07
269,653,2022-07-29
851,929,2025-01-22
374,855,2023-11-02
269,689,2022-08-09
271,619,2024-04-02
84,384,2023-07-25
466,974,2023-09-25
661,804,2024-06-24
508,711,2024-10-03
633,971,2022-07-11
256,984,2023-04-04
699,916,2023-05-03
268,958,2023-09-16
911,952,2023-10-18
703,886,2023-05-08
7,545,2022-07-25
352,808,2022-10-16
212,834,2024-08-26
567,882,2024-01-19
712,971,2023-08-24
392,801,2022-12-25
430,993,2024-01-23
268,994,2022-11-01
690,723,2022-11-21
527,845,2023-12-08
245,867,2025-02-18
559,914,2023-06-29
540,635,2023-10-31
28,869,2024-04-22
390,547,2025-03-18
96,515,2025-03-02
32,988,2025-04-02
461,607,2024-12-01
110,907,2024-02-29
106,150,2022-07-30
264,736,2023-06-08
58,488,2022-07-27
257,468,2024-04-13
360,560,2024-08-17
170,665,2024-11-22
898,995,2022-10-04
347,892,2023-12-29
126,478,2024-08-19
257,818,2023-06-21
159,283,2024-05-13
130,485,2023-05-12
358,492,2023-08-29
563,861,2023-01-03
638,775,2024-09-11
657,788,2024-08-14
629,806,2024-09-06
399,758,2022-09-10
175,492,2025-03-11
293,627,2025-05-08
554,668,2024-11-01
426,748,2024-03-02
286,588,2025-06-10
290,887,2024-04-20
303,677,2024-01-27
251,487,2024-11-01
557,822,2024-07-15
267,840,2022-08-08
241,293,2024-03-05
532,765,2023-02-06
405,810,2025-04-06
270,765,2023-04-13
799,849,2024-07-09
147,694,2023-01-05
350,465,2023-12-17
454,931,2022-08-05
195,591,2023-08-26
462,706,2022-12-31
134,203,2023-04-24
49,882,2022-06-21
313,583,2023-01-29
205,492,2024-10-20
453,477,2024-06-05
63,408,2023-04-13
678,824,2023-11-04
131,197,2024-10-29
246,938,2024-05-11
883,964,2022-09-30
481,804,2023-02-17
655,877,2024-08-01
241,414,2023-02-13
272,667,2024-04-16
426,496,2024-08-22
296,795,2024-04-13
114,867,2023-11-02
270,477,2023-09-20
282,451,2024-03-29
573,923,2024-01-30
468,578,2023-11-19
117,649,2024-02-17
57,369,2023-06-26
153,831,2023-06-01
434,850,2024-12-03
520,624,2022-11-29
27,117,2025-01-07
773,990,2023-12-14
860,958,2024-01-20
11,109,2022-12-19
42,591,2023-08-17
274,977,2023-08-31
21,568,2024-06-09
153,458,2024-03-03
331,873,2022-09-10
553,806,2023-12-01
753,831,2025-05-30
639,846,2022-09-15
256,699,2024-09-12
128,550,2024-01-17
303,402,2023-05-15
139,788,2024-09-15
116,396,2023-10-23
82,928,2023-11-10
740,897,2022-12-03
666,719,2024-03-18
189,645,2024-04-30
906,966,2024-02-25
245,317,2023-09-14
322,766,2024-10-01
157,204,2024-09-16
470,664,2023-04-23
496,802,2024-09-08
501,917,2025-06-04
234,424,2023-08-01
123,965,2024-01-26
55,156,2023-08-04
658,980,2025-04-20
345,520,2022-10-29
79,370,2023-08-23
764,998,2023-02-02
396,980,2022-10-15
33,928,2023-04-29
84,485,2025-01-18
577,726,2024-10-03
597,741,2025-05-29
106,503,2025-05-23
104,808,2024-02-08
565,788,2023-07-06
374,403,2023-02-09
330,891,2025-02-26
785,797,2023-04-17
354,839,2024-10-07
599,786,2024-05-06
655,687,2024-06-13
88,985,2024-07-07
418,631,2024-05-09
428,904,2024-05-13
87,611,2023-12-18
327,592,2024-01-20
480,542,2023-02-17
53,209,2023-09-01
81,945,2024-09-22
167,231,2023-04-25
157,446,2025-03-25
596,753,2022-12-05
175,351,2025-01-28
166,760,2023-08-28
654,843,2022-06-19
213,463,2024-12-11
57,624,2024-09-29
157,711,2024-06-04
303,765,2024-07-03
439,546,2022-10-01
831,921,2024-03-12
52,100,2023-09-17
87,732,2023-09-17
369,710,2023-01-09
46,880,2022-07-17
247,870,2023-02-16
162,417,2024-04-14
316,475,2023-12-19
118,719,2022-09-12
215,243,2024-03-02
427,571,2023-09-07
163,727,2022-07-11
102,860,2024-04-14
125,206,2022-12-15
550,907,2024-05-01
43,316,2024-07-05
377,570,2025-04-24
317,556,2022-07-10
48,251,2024-04-05
266,739,2024-10-28
312,706,2023-08-16
426,728,2023-12-28
948,953,2023-01-13
512,880,2025-03-12
453,565,2023-10-30
319,336,2024-08-16
711,860,2023-03-05
58,301,2023-11-15
215,364,2024-08-05
473,888,2023-01-20
721,910,2022-11-08
271,710,2022-08-26
497,873,2022-07-19
324,536,2024-03-10
491,713,2023-11-01
430,554,2024-07-04
136,256,2023-10-15
94,110,2023-03-08
177,782,2022-12-26
219,519,2023-11-03
51,526,2024-05-18
121,887,2024-11-12
249,398,2024-12-20
762,883,2025-01-26
722,847,2025-03-08
215,256,2023-03-11
335,550,2024-08-15
100,684,2022-08-31
440,603,2024-09-13
81,405,2024-07-02
606,901,2023-09-04
726,966,2024-01-06
303,634,2023-11-13
905,968,2023-08-12
477,899,2024-10-21
564,904,2025-04-30
803,920,2025-02-08
407,691,2024-01-25
309,534,2024-08-08
195,283,2024-04-11
225,571,2025-06-04
325,658,2024-08-07
76,591,2023-10-09
592,593,2024-12-09
691,715,2022-08-20
682,895,2024-11-21
301,566,2024-12-09
286,666,2024-08-18
548,815,2022-07-29
312,804,2023-08-27
282,287,2025-03-28
62,958,2024-05-05
584,854,2023-10-11
584,625,2024-10-26
112,141,2022-10-07
61,584,2024-12-30
93,765,2024-09-23
44,760,2024-03-12
358,956,2024-10-30
164,416,2024-08-15
392,460,2023-07-22
100,926,2024-06-04
325,370,2022-11-18
35,302,2023-03-09
83,873,2023-11-26
538,779,2023-04-01
372,567,2023-06-12
78,349,2024-07-15
122,684,2023-10-31
183,551,2024-08-01
121,576,2024-09-17
54,257,2024-09-22
335,419,2023-06-26
52,476,2024-07-10
552,942,2023-06-13
471,725,2023-10-22
350,664,2023-03-25
456,974,2023-04-13
591,790,2022-07-25
399,440,2022-11-16
336,500,2024-01-08
550,609,2022-07-14
361,822,2025-02-04
506,911,2024-02-23
118,686,2024-08-06
655,811,2023-05-18
489,599,2024-08-08
761,792,2024-02-28
321,377,2023-05-15
920,965,2024-08-05
70,237,2024-06-22
730,841,2022-12-02
674,760,2024-11-14
137,821,2022-11-03
794,862,2024-04-11
280,461,2025-01-12
647,663,2023-03-25
150,760,2023-02-20
424,505,2025-01-03
490,679,2024-03-16
53,598,2022-11-25
258,967,2022-06-29
707,942,2023-07-20
520,558,2023-12-25
131,746,2025-01-24
326,464,2024-01-03
147,870,2023-11-20
785,898,2025-02-26
329,618,2025-05-16
37,855,2024-05-21
681,926,2024-03-20
166,331,2023-12-17
475,937,2024-01-10
241,770,2023-08-04
294,925,2025-03-26
316,684,2024-05-26
465,627,2025-01-25
495,915,2023-11-26
368,731,2023-11-28
309,416,2023-08-06
349,452,2024-06-17
141,423,2022-08-25
433,711,2023-02-17
171,711,2023-01-28
131,638,2022-11-27
699,830,2024-04-13
619,721,2024-08-22
30,406,2022-10-25
268,872,2023-01-17
244,286,2023-12-14
549,742,2024-03-01
469,633,2024-05-15
127,604,2022-06-29
411,548,2024-09-10
55,355,2024-11-29
64,849,2024-10-26
13,395,2025-02-24
471,944,2024-09-05
398,465,2023-07-19
136,465,2022-07-21
364,817,2024-05-02
54,103,2025-04-24
331,640,2023-12-24
256,646,2023-04-09
123,382,2025-05-04
195,636,2024-12-29
221,774,2024-01-26
876,885,2022-09-11
129,282,2024-11-06
522,622,2023-10-18
386,612,2024-01-10
297,949,2023-03-11
199,377,2024-11-05
46,284,2023-01-02
231,558,2025-04-07
697,739,2025-01-10
118,797,2023-02-21
642,803,2024-08-10
875,925,2022-12-27
7,966,2025-05-24
141,786,2023-04-03
353,965,2023-04-16
447,600,2024-09-07
361,560,2024-08-27
303,964,2025-03-17
262,783,2025-03-05
757,905,2022-11-08
578,674,2023-05-13
181,858,2023-01-29
225,227,2023-03-10
96,671,2024-09-27
2,972,2023-11-21
34,287,2022-10-01
9,868,2025-02-06
579,904,2022-08-10
46,261,2024-10-28
214,891,2022-09-04
66,764,2023-11-22
624,646,2023-10-13
313,641,2023-11-19
74,624,2022-10-03
249,476,2024-03-22
520,790,2024-04-01
122,255,2023-05-10
260,485,2022-06-26
236,622,2023-09-30
389,901,2025-03-03
504,702,2024-08-13
211,220,2023-10-14
224,239,2024-05-20
152,808,2024-03-22
164,782,2024-05-11
113,179,2024-09-21
303,568,2025-06-07
381,896,2023-03-18
330,671,2023-09-05
364,398,2023-04-08
528,915,2024-05-07
52,806,2023-06-11
162,449,2023-11-27
394,835,2023-04-22
34,300,2024-05-23
158,595,2023-04-01
874,914,2024-01-20
16,740,2023-06-24
380,528,2024-06-27
534,586,2023-12-19
718,932,2024-05-02
549,974,2022-10-16
72,146,2024-09-22
33,829,2023-01-01
832,917,2022-06-23
539,817,2025-02-19
206,491,2023-12-26
401,587,2023-12-11
137,657,2022-12-28
144,516,2024-09-26
79,307,2024-06-22
244,603,2022-09-27
35,609,2025-01-15
16,367,2023-06-26
17,332,2024-07-07
590,602,2024-12-03
62,74,2023-01-14
221,247,2022-10-13
403,632,2023-02-25
273,931,2023-05-18
117,275,2023-05-16
429,541,2024-10-02
325,978,2023-11-15
104,601,2024-07-05
727,729,2025-03-28
303,810,2023-02-01
322,680,2024-06-21
810,992,2023-06-05
561,925,2023-01-12
656,705,2023-08-24
815,841,2022-12-21
284,653,2022-12-06
392,515,2024-06-11
64,155,2023-06-07
190,380,2024-01-03
415,727,2023-11-17
385,964,2024-03-29
33,433,2023-09-15
609,629,2024-08-20
58,755,2023-02-21
515,585,2023-03-31
231,826,2025-04-05
2,674,2024-12-16
59,162,2023-07-27
299,817,2023-05-17
166,553,2024-08-20
588,691,2024-12-10
367,543,2023-05-27
44,298,2023-05-19
267,721,2024-02-23
775,782,2024-09-28
71,666,2022-06-22
387,557,2025-04-11
244,737,2022-08-15
226,460,2023-09-07
612,904,2024-05-23
230,430,2022-11-16
315,388,2023-10-29
48,947,2023-04-12
618,920,2024-11-29
95,650,2023-01-23
659,692,2024-06-10
162,560,2023-03-23
49,125,2024-12-14
173,798,2022-07-11
522,723,2023-09-27
856,977,2023-08-09
427,714,2024-02-17
160,221,2024-09-02
588,668,2024-11-06
144,771,2024-04-22
150,442,2023-10-11
891,934,2023-04-12
26,635,2022-09-05
138,962,2022-12-08
372,900,2024-08-16
521,614,2025-04-12
174,390,2024-03-26
757,970,2025-04-24
363,442,2025-04-18
527,922,2024-10-19
485,813,2023-08-17
565,656,2025-05-02
413,528,2024-07-29
56,370,2023-03-16
228,482,2025-06-01
248,311,2024-03-19
243,870,2022-08-20
103,896,2022-08-16
340,394,2023-06-26
41,921,2024-01-26
383,621,2023-10-09
362,598,2023-04-23
513,996,2023-11-15
553,952,2025-02-05
192,681,2022-09-05
145,340,2025-05-21
343,441,2024-08-26
187,602,2024-12-05
389,557,2025-01-28
280,650,2024-03-23
195,197,2024-03-06
111,692,2024-02-21
326,617,2023-10-09
584,912,2023-06-10
131,441,2024-02-05
416,919,2024-06-09
374,693,2024-02-16
606,936,2024-11-27
513,708,2024-07-10
249,927,2022-11-16
707,722,2024-10-06
701,944,2025-01-25
220,491,2024-07-21
539,882,2024-09-03
81,970,2025-04-30
216,786,2023-07-16
377,703,2024-10-09
239,998,2024-09-12
340,672,2023-02-06
71,633,2023-06-03
278,846,2023-02-20
499,665,2023-07-17
460,594,2023-01-20
116,784,2025-05-15
2,533,2023-03-26
148,736,2024-04-07
462,783,2025-04-03
717,744,2022-11-16
836,844,2024-05-19
56,998,2023-09-27
83,872,2024-11-15
192,550,2024-11-06
432,760,2024-12-13
279,289,2022-08-21
817,867,2025-06-04
247,751,2023-07-30
217,988,2024-02-26
882,996,2025-06-11
496,552,2025-05-02
144,738,2025-01-27
25,229,2023-06-09
41,911,2024-01-27
178,471,2023-04-21
564,952,2023-06-16
7,360,2022-08-28
78,649,2022-09-06
77,833,2022-09-24
605,989,2024-02-17
339,424,2022-10-17
173,657,2022-12-06
621,933,2023-12-30
326,607,2025-01-04
578,971,2024-03-06
38,469,2023-11-11
731,921,2024-05-28
824,883,2023-01-11
798,831,2022-09-04
422,580,2024-07-04
466,766,2024-11-28
158,650,2023-11-08
316,827,2025-02-14
590,801,2025-06-09
417,501,2022-11-29
496,794,2023-06-13
756,870,2023-01-01
47,144,2024-03-07
659,937,2023-10-26
218,520,2024-10-19
571,824,2024-09-03
518,669,2025-04-20
454,913,2025-02-14
340,891,2023-08-30
216,367,2023-05-04
923,983,2024-04-29
80,586,2023-08-17
293,550,2022-06-25
40,141,2023-06-04
633,655,2022-11-27
75,593,2025-01-08
468,933,2024-03-17
223,491,2024-10-04
22,995,2024-01-20
9,684,2024-06-01
50,685,2023-01-21
303,865,2024-12-02
592,739,2025-03-26
430,677,2025-02-18
510,935,2024-08-07
465,518,2024-03-09
310,495,2023-01-08
315,610,2022-11-25
422,822,2023-05-20
77,967,2022-10-04
300,567,2024-01-21
389,416,2025-04-16
284,888,2022-07-29
768,821,2022-11-02
128,869,2023-07-02
70,370,2022-08-30
824,981,2025-01-25
651,681,2025-03-29
91,987,2024-06-06
661,694,2023-01-23
109,892,2022-12-11
399,694,2025-06-06
710,852,2023-02-26
360,882,2025-03-20
583,631,2024-10-09
748,964,2022-07-15
221,544,2025-02-01
501,598,2025-04-16
348,764,2022-10-28
163,310,2025-04-20
113,718,2022-07-13
704,777,2025-01-21
29,230,2025-01-07
329,342,2023-01-30
928,930,2022-08-08
198,676,2023-10-09
103,853,2023-01-19
250,314,2024-10-07
205,837,2024-03-23
434,809,2022-10-30
226,780,2025-05-13
753,934,2023-12-23
4,438,2024-03-10
705,894,2024-01-03
251,544,2022-12-11
403,821,2023-01-31
230,521,2025-04-12
769,915,2024-09-04
168,509,2023-07-13
481,740,2025-06-10
655,813,2023-09-13
105,755,2023-02-01
197,981,2022-09-23
460,803,2023-12-23
600,697,2023-11-21
470,996,2023-12-25
805,837,2025-04-16
202,687,2022-07-03
458,613,2023-08-06
296,551,2023-09-19
748,977,2025-05-04
306,744,2022-10-03
133,444,2023-07-15
184,755,2023-05-21
327,538,2022-08-26
626,871,2025-04-17
204,733,2024-05-30
434,521,2023-02-22
115,655,2024-07-23
126,139,2024-05-28
135,633,2024-11-19
509,960,2025-01-31
22,347,2022-07-03
411,537,2025-05-07
695,970,2024-08-23
38,557,2025-02-23
819,893,2022-08-04
134,790,2024-12-30
209,704,2022-12-27
96,418,2022-06-26
132,829,2024-01-05
111,806,2022-11-16
133,565,2023-11-12
311,980,2022-07-28
221,269,2024-03-30
196,850,2023-01-31
524,944,2024-09-03
151,204,2023-05-03
449,801,2024-04-22
138,271,2024-12-04
237,393,2023-09-18
274,769,2022-12-24
240,547,2024-01-05
34,299,2022-11-28
380,707,2024-11-19
541,624,2024-06-17
387,566,2023-07-21
70,481,2025-03-25
611,719,2024-10-25
236,513,2022-07-18
217,271,2023-01-25
211,340,2023-09-01
380,972,2023-07-30
247,708,2024-12-24
297,300,2024-04-27
104,888,2022-07-17
368,589,2022-07-14
345,685,2022-07-17
171,569,2023-11-13
449,922,2024-08-29
177,463,2022-11-21
7,955,2023-09-05
65,816,2024-01-28
461,487,2024-09-28
807,895,2024-08-15
218,500,2022-12-19
128,872,2022-10-03
52,59,2023-07-03
838,968,2023-02-15
157,490,2023-09-19
362,630,2022-08-27
307,694,2025-05-12
73,527,2023-11-07
229,366,2023-09-13
55,887,2025-02-24
483,776,2023-10-11
368,975,2025-01-10
101,445,2024-11-19
193,857,2022-06-16
51,99,2023-11-19
627,906,2025-02-25
224,781,2023-03-24
50,894,2023-06-04
413,717,2024-01-28
532,668,2025-04-29
478,697,2024-06-17
40,880,2022-09-29
476,773,2023-12-08
24,118,2024-12-12
319,789,2024-03-03
394,474,2022-10-31
306,361,2024-01-01
279,344,2024-11-14
378,466,2022-11-19
322,980,2024-06-07
224,408,2024-09-07
251,282,2024-08-10
185,974,2023-04-21
466,844,2024-04-20
141,150,2023-03-16
156,767,2023-03-17
331,619,2024-08-24
83,554,2023-05-12
644,850,2024-08-02
392,635,2023-11-04
383,666,2024-03-24
402,679,2024-01-03
10,75,2025-06-02
141,644,2023-04-04
643,662,2025-02-25
182,941,2023-06-10
378,587,2023-07-31
150,729,2022-11-22
116,587,2024-08-31
424,474,2025-01-03
231,308,2024-09-12
411,504,2024-11-08
187,647,2024-05-08
223,304,2024-11-02
99,763,2025-05-24
440,827,2022-07-01
119,741,2024-05-11
266,940,2024-12-17
693,864,2023-03-03
240,393,2023-08-24
371,813,2022-06-28
222,833,2023-11-24
512,672,2025-01-11
208,706,2023-01-07
502,887,2025-01-24
674,850,2025-05-14
213,641,2023-09-03
209,262,2025-06-07
212,825,2023-10-25
888,959,2023-03-31
252,632,2023-10-11
453,622,2024-09-09
146,996,2024-06-03
436,798,2023-12-31
795,996,2023-06-20
21,327,2025-06-12
110,139,2023-01-06
249,334,2023-06-24
141,392,2025-01-26
630,785,2024-10-09
162,451,2023-10-29
185,843,2022-09-29
274,363,2025-01-09
369,780,2024-09-29
341,947,2023-03-31
790,922,2024-10-20
67,564,2023-09-26
305,881,2022-07-13
185,699,2024-02-01
337,833,2022-09-27
332,489,2025-05-19
21,713,2024-12-11
145,254,2022-10-25
7,778,2024-08-05
139,439,2022-11-01
100,368,2023-07-01
434,622,2023-10-25
387,690,2024-02-12
95,927,2025-04-10
218,323,2025-05-10
307,926,2025-05-15
702,967,2023-01-02
763,797,2024-11-30
311,816,2025-02-10
412,719,2023-12-27
373,382,2022-11-18
80,883,2024-06-30
497,534,2024-10-13
340,550,2023-01-19
8,226,2024-09-09
200,576,2024-01-13
261,406,2024-10-17
232,608,2024-02-22
112,463,2024-01-18
544,874,2022-08-06
172,328,2024-01-21
578,607,2024-01-28
217,336,2024-07-15
461,696,2025-06-12
420,844,2022-12-15
274,461,2022-12-06
252,851,2024-06-30
40,294,2024-05-11
754,869,2025-01-12
658,981,2023-02-18
339,361,2025-03-31
268,975,2024-08-08
285,390,2024-01-29
263,717,2025-04-27
67,842,2023-09-23
134,832,2023-01-23
495,874,2022-08-08
64,242,2025-05-13
696,864,2023-08-29
414,886,2023-08-17
383,404,2024-01-08
119,852,2023-09-20
20,501,2023-11-20
357,495,2023-06-03
307,903,2024-08-14
588,693,2023-05-10
330,398,2022-09-06
646,863,2024-07-31
318,689,2024-06-17
196,663,2023-01-30
636,998,2024-08-27
644,673,2024-03-28
651,834,2022-08-28
502,854,2024-09-20
328,738,2022-11-16
5,722,2023-11-25
76,108,2022-12-08
433,611,2025-05-16
467,524,2025-05-21
559,607,2025-05-23
3,389,2023-08-18
134,580,2022-12-07
650,874,2023-09-18
415,742,2024-03-25
173,800,2023-03-15
159,673,2023-07-05
320,590,2023-02-19
63,556,2025-04-21
58,361,2022-11-16
43,461,2023-08-29
162,827,2024-08-19
512,531,2024-03-19
210,309,2024-06-21
568,957,2023-01-27
157,303,2022-11-19
119,865,2023-04-13
708,851,2023-06-09
57,890,2024-05-13
795,819,2024-01-07
77,868,2024-01-11
855,870,2024-10-08
438,847,2024-04-01
335,754,2023-02-25
194,715,2023-10-09
89,958,2024-12-03
85,579,2024-01-30
625,938,2024-04-14
98,518,2022-12-01
465,720,2025-02-04
477,923,2024-09-19
478,510,2024-08-13
370,568,2025-01-30
569,777,2025-04-21
288,386,2022-07-30
332,721,2024-12-20
115,952,2023-03-22
290,724,2024-05-03
28,575,2023-09-25
579,598,2022-12-17
397,558,2024-08-01
443,674,2025-01-19
65,871,2023-12-02
326,763,2023-05-01
335,466,2024-01-10
755,760,2022-09-21
466,657,2024-08-26
53,259,2025-05-02
633,654,2025-01-19
91,371,2023-03-07
291,396,2025-01-02
4,977,2023-12-10
363,421,2024-07-23
581,909,2023-10-02
795,832,2022-08-17
203,957,2022-10-09
255,330,2024-10-06
301,446,2024-12-25
427,585,2024-08-26
86,292,2025-03-03
321,424,2024-05-17
292,626,2023-06-11
77,701,2024-06-16
84,597,2023-03-18
471,857,2023-07-11
305,416,2022-06-30
381,963,2024-08-05
210,407,2023-11-30
383,515,2024-03-19
327,992,2023-02-13
319,988,2023-10-04
429,631,2023-04-03
30,885,2025-06-13
107,580,2024-12-07
242,396,2023-12-02
32,815,2024-04-10
298,556,2024-02-25
355,947,2024-04-10
199,928,2025-01-24
71,779,2024-06-16
27,327,2022-08-01
447,621,2022-10-12
138,689,2024-12-20
486,612,2024-05-20
879,952,2022-10-02
585,591,2022-09-28
476,684,2025-05-10
415,817,2023-03-04
133,610,2024-03-12
259,835,2024-08-01
378,786,2024-04-07
164,826,2024-11-25
111,442,2024-08-11
511,641,2022-07-29
932,963,2024-05-25
590,705,2023-10-11
601,980,2023-11-02
597,601,2025-01-17
98,917,2022-07-26
182,322,2023-08-26
708,926,2024-11-14
385,910,2024-09-08
787,990,2023-10-02
96,993,2025-03-07
426,719,2023-02-07
178,617,2022-12-31
411,968,2024-05-07
586,820,2023-06-11
160,828,2023-05-02
38,988,2023-09-10
415,709,2022-07-17
608,695,2023-10-29
242,903,2025-02-16
672,716,2023-07-14
457,562,2024-07-03
462,906,2023-07-07
77,161,2025-05-09
37,879,2023-04-15
761,973,2024-10-21
179,325,2023-06-06
377,947,2024-07-21
577,972,2024-05-11
30,345,2024-10-05
798,977,2022-12-09
136,741,2024-02-18
76,461,2025-01-17
904,958,2024-05-26
100,675,2024-09-04
302,544,2024-09-18
64,981,2024-10-18
725,992,2022-12-21
905,959,2023-12-15
17,268,2022-09-21
743,897,2023-07-06
857,882,2024-01-26
153,537,2024-11-14
767,845,2025-05-09
583,944,2023-05-28
142,155,2023-05-17
394,748,2025-03-13
227,342,2022-09-23
526,904,2023-09-04
493,498,2024-04-27
405,614,2024-05-16
330,849,2024-09-22
564,787,2023-01-23
535,989,2025-01-09
47,411,2023-11-30
38,857,2023-06-20
316,456,2023-10-08
307,487,2023-07-17
502,546,2022-12-07
234,503,2022-12-17
257,370,2022-07-03
514,786,2023-01-10
189,989,2023-05-22
747,908,2023-12-22
222,757,2024-05-19
103,577,2023-05-06
383,711,2024-02-19
228,837,2022-12-27
582,691,2024-04-23
353,868,2022-09-07
347,794,2022-09-26
379,597,2024-08-03
46,308,2025-03-14
143,649,2024-06-11
194,960,2025-01-05
439,648,2022-11-22
87,605,2023-06-23
141,725,2023-07-08
917,946,2022-11-08
307,608,2023-08-12
482,609,2024-12-28
299,753,2024-08-30
628,663,2025-01-31
384,977,2024-11-07
219,644,2024-04-18
103,698,2025-05-14
94,729,2023-06-05
618,735,2023-02-17
399,431,2024-12-07
564,764,2023-03-12
390,462,2022-12-02
427,938,2025-06-07
789,882,2022-07-14
620,924,2023-02-17
255,274,2024-07-16
574,957,2023-02-10
97,474,2025-01-30
203,263,2023-10-11
105,106,2024-11-21
243,299,2022-11-22
110,184,2023-05-07
16,931,2025-05-08
782,842,2025-01-10
22,974,2023-11-27
353,436,2023-10-10
21,637,2024-02-15
328,937,2025-06-14
360,740,2023-01-12
756,826,2023-01-05
55,104,2024-01-05
171,581,2023-08-27
134,779,2024-03-07
148,826,2025-02-28
219,886,2023-08-14
341,354,2023-03-29
205,430,2024-11-05
693,742,2023-07-19
171,437,2024-11-10
711,939,2023-10-01
384,401,2023-07-20
268,369,2025-03-26
365,567,2023-02-28
356,976,2024-01-29
144,190,2022-09-08
751,868,2024-07-14
520,935,2023-06-03
277,948,2024-12-08
568,603,2024-07-24
17,500,2024-11-03
625,728,2024-03-11
156,429,2022-09-29
357,419,2025-03-17
670,879,2025-05-31
45,827,2024-07-31
314,457,2024-01-23
856,926,2022-10-08
547,665,2024-12-07
659,906,2023-02-20
82,336,2023-07-02
429,709,2024-07-24
272,991,2025-05-21
649,712,2024-12-01
675,850,2023-02-16
198,776,2023-04-06
146,357,2024-12-18
90,605,2023-11-02
191,508,2023-10-08
458,772,2024-03-24
308,913,2022-08-25
280,851,2025-06-11
275,507,2022-07-10
54,130,2023-10-20
213,532,2024-05-28
411,925,2025-02-21
604,682,2023-11-20
623,695,2024-07-29
355,472,2022-08-24
119,524,2023-07-09
678,896,2025-04-27
98,321,2023-04-14
557,835,2023-03-19
374,750,2025-02-22
408,483,2022-07-16
508,570,2024-04-01
113,157,2023-10-01
666,778,2024-09-30
630,941,2022-11-09
84,279,2023-08-24
41,317,2024-06-10
142,894,2023-05-21
162,872,2024-07-19
288,948,2023-05-15
290,612,2023-02-25
3,290,2024-11-07
136,325,2023-12-24
322,452,2023-09-05
167,578,2024-10-02
173,472,2025-05-25
100,488,2024-03-20
170,812,2025-01-16
423,992,2025-05-15
457,905,2022-08-13
36,732,2024-09-19
348,998,2024-03-20
174,702,2024-10-11
737,779,2022-09-01
280,720,2022-08-24
106,418,2023-09-12
440,672,2022-12-09
401,601,2023-01-15
406,679,2025-05-24
303,932,2024-10-11
155,725,2025-06-04
141,790,2024-12-17
106,683,2022-07-18
13,870,2025-03-29
31,918,2024-08-22
148,420,2023-06-14
486,824,2022-09-27
65,651,2023-09-01
80,136,2024-07-23
453,647,2024-07-06
31,509,2024-11-14
152,390,2023-08-07
10,306,2023-11-17
473,970,2024-12-30
85,745,2023-01-02
594,622,2023-05-23
640,738,2022-12-27
