person_id,public_id,created_at
13,88,2024-05-17
529,4,2022-12-11
911,6,2024-12-01
193,18,2023-01-26
949,32,2023-09-05
686,67,2023-02-25
767,141,2023-11-18
786,154,2023-09-05
660,15,2022-06-16
110,20,2023-01-06
651,195,2023-03-15
731,75,2025-03-18
850,175,2023-06-03
92,88,2023-12-28
991,34,2023-08-29
272,55,2024-10-17
828,7,2024-07-22
774,36,2025-03-09
646,116,2023-07-15
718,141,2025-04-28
367,63,2024-09-15
702,53,2023-12-11
278,134,2023-03-30
196,181,2024-04-21
679,149,2023-09-29
485,55,2024-05-28
211,44,2025-01-27
472,85,2024-07-18
215,194,2023-04-11
907,156,2024-10-26
919,167,2023-09-15
334,151,2024-12-28
872,55,2023-11-13
983,151,2024-09-04
204,41,2025-02-22
724,156,2025-04-01
932,105,2022-08-26
802,112,2024-01-02
702,174,2024-07-22
975,183,2024-03-28
709,33,2024-03-05
17,71,2024-02-05
291,45,2022-07-31
981,83,2024-01-29
772,89,2025-03-06
121,128,2022-06-19
449,73,2023-08-29
993,57,2024-12-15
18,115,2022-11-22
206,86,2023-04-09
730,92,2023-10-14
594,82,2023-09-12
440,24,2024-12-31
98,144,2022-10-08
944,52,2023-02-19
587,43,2023-06-08
766,194,2023-01-04
108,45,2023-08-22
973,115,2023-08-02
337,17,2023-04-02
759,155,2023-09-21
470,52,2024-06-11
880,36,2024-04-22
671,42,2025-03-14
616,106,2024-07-20
361,145,2024-03-14
489,151,2024-07-18
185,148,2024-02-08
291,166,2023-05-23
640,54,2023-12-23
204,18,2024-02-27
727,59,2024-07-09
129,24,2025-01-20
355,187,2023-06-09
178,145,2024-03-21
761,200,2025-05-23
807,167,2024-11-12
873,149,2022-08-09
673,87,2022-10-30
28,57,2022-11-10
511,25,2024-04-02
853,54,2022-12-30
316,115,2024-12-27
188,195,2024-10-19
362,82,2025-06-10
619,116,2023-03-13
944,29,2025-03-29
412,168,2025-02-14
501,17,2022-08-03
741,78,2022-10-18
62,55,2023-11-18
136,4,2023-09-22
585,96,2024-08-22
281,93,2023-02-19
41,32,2024-03-30
778,145,2024-09-17
172,186,2024-02-14
939,99,2023-08-22
455,166,2023-09-20
839,12,2023-03-15
18,128,2025-05-20
507,176,2024-05-25
556,69,2022-10-03
145,89,2024-03-11
313,82,2023-06-10
667,165,2024-04-03
994,151,2023-08-05
918,12,2022-06-24
649,116,2022-07-13
59,22,2024-06-04
86,39,2024-03-04
989,72,2024-11-16
775,112,2023-05-09
97,48,2025-05-15
178,122,2023-03-17
552,183,2022-08-06
404,56,2025-03-20
170,118,2025-06-14
819,155,2024-07-02
551,75,2023-04-12
1,80,2025-03-01
645,2,2025-01-15
517,82,2024-04-18
462,146,2023-10-01
147,134,2023-09-08
911,9,2023-06-09
39,192,2023-10-06
408,175,2022-12-10
105,174,2024-11-30
689,45,2025-04-01
917,52,2023-05-26
31,188,2025-01-19
499,64,2023-12-05
157,184,2023-10-14
378,3,2024-01-26
647,48,2022-07-17
337,151,2023-10-22
451,173,2025-04-25
356,164,2024-10-04
773,44,2025-05-08
449,63,2023-01-12
515,157,2023-12-23
266,127,2024-04-13
830,169,2023-09-24
70,152,2023-03-08
802,187,2024-10-20
808,1,2023-03-25
451,29,2023-09-02
974,33,2023-08-07
752,106,2022-11-06
193,142,2024-05-10
917,173,2024-10-07
506,44,2023-06-19
586,73,2023-04-28
658,178,2022-10-12
195,188,2024-05-09
610,138,2024-04-07
161,46,2023-07-01
993,168,2025-03-26
154,7,2022-06-26
72,117,2025-04-02
173,20,2023-09-25
541,187,2025-01-08
762,6,2022-10-23
452,109,2022-11-29
653,99,2022-12-31
922,144,2024-09-28
355,176,2023-10-24
282,192,2025-05-07
477,22,2023-11-22
886,41,2024-06-04
963,32,2023-05-22
506,165,2022-11-10
982,131,2023-05-28
861,133,2022-08-28
827,28,2022-07-16
135,29,2022-09-10
80,93,2023-04-19
948,138,2025-05-28
234,8,2022-09-25
770,131,2025-03-10
616,73,2025-01-04
522,66,2024-11-25
39,61,2023-03-18
836,76,2024-11-05
225,188,2024-05-16
219,28,2025-06-08
373,86,2022-06-22
338,65,2025-03-03
566,72,2024-01-25
257,140,2022-10-12
827,113,2024-03-22
523,110,2025-05-27
906,177,2023-11-25
711,81,2023-12-10
429,103,2024-02-18
918,2,2023-01-16
738,35,2022-09-10
583,161,2024-03-10
401,41,2025-02-07
259,186,2023-07-13
702,118,2025-04-01
860,146,2025-02-23
47,37,2025-04-01
670,165,2023-04-11
622,125,2022-11-10
696,74,2024-08-11
836,197,2024-10-31
883,129,2025-01-05
828,193,2024-05-15
206,30,2023-09-24
123,32,2022-11-24
666,51,2022-10-15
578,167,2022-12-13
430,40,2023-01-25
612,80,2023-03-18
107,173,2024-08-30
904,188,2025-02-09
944,32,2023-06-25
118,182,2023-09-30
956,6,2024-07-18
620,20,2024-08-23
55,162,2025-01-20
760,180,2024-01-20
570,199,2023-11-03
545,26,2023-07-04
8,87,2024-11-29
826,125,2022-12-18
323,62,2025-05-28
302,39,2025-04-19
389,44,2022-12-24
715,28,2022-11-03
829,50,2024-06-21
989,39,2024-07-16
672,103,2023-02-25
579,24,2023-06-06
297,46,2023-03-20
88,52,2024-11-05
93,130,2025-05-25
180,135,2023-04-06
198,183,2022-07-20
641,115,2025-04-16
905,45,2023-03-21
414,73,2024-05-31
420,116,2023-04-24
688,196,2023-11-10
312,25,2024-09-03
266,58,2025-01-24
875,22,2024-12-28
953,121,2022-09-08
758,111,2022-11-16
602,129,2023-01-14
352,97,2025-04-05
676,78,2025-05-30
412,148,2023-04-24
432,126,2024-01-25
82,93,2024-10-01
700,26,2024-08-25
759,112,2023-12-06
911,97,2025-04-11
711,35,2024-08-27
503,6,2025-05-28
319,185,2023-10-23
320,150,2025-02-27
354,63,2023-08-26
822,168,2023-01-28
843,191,2024-06-13
266,179,2024-05-22
975,81,2024-06-28
29,123,2022-12-15
846,116,2022-12-19
450,116,2023-01-12
484,29,2024-12-14
850,86,2024-01-27
118,51,2024-07-05
910,137,2024-11-30
205,56,2025-02-23
339,19,2023-07-08
371,88,2022-06-29
288,90,2024-02-01
502,162,2024-11-10
536,75,2022-08-28
817,174,2024-10-22
43,142,2025-05-05
304,183,2024-12-08
160,169,2023-03-22
711,192,2024-08-07
603,101,2023-01-15
281,50,2023-08-13
602,142,2025-06-09
11,46,2025-05-23
77,140,2023-06-07
350,186,2024-02-03
142,157,2024-12-11
633,129,2023-04-04
465,136,2025-02-19
799,161,2023-06-13
901,29,2023-02-22
40,109,2023-05-16
486,195,2022-07-25
916,8,2025-03-21
935,58,2024-07-22
124,108,2024-05-11
977,24,2022-10-07
399,47,2022-08-30
678,136,2025-01-27
685,32,2023-10-11
670,132,2023-12-21
986,109,2023-12-31
414,63,2022-08-28
354,161,2023-09-24
741,192,2025-06-03
434,41,2023-04-17
23,141,2023-03-21
592,69,2024-06-19
175,46,2023-07-14
349,82,2023-03-30
4,164,2022-08-13
998,119,2024-01-19
547,183,2024-11-30
239,30,2025-02-03
667,99,2024-07-09
849,139,2023-11-18
532,54,2024-04-25
955,157,2023-10-22
693,8,2024-10-22
761,26,2022-10-11
83,48,2024-05-19
841,135,2024-05-29
225,132,2025-03-09
853,109,2024-08-19
899,76,2023-06-02
327,179,2024-05-21
711,25,2022-10-29
448,60,2024-01-25
11,59,2025-05-03
898,117,2023-12-29
961,173,2023-03-22
592,190,2024-01-27
303,87,2023-08-13
304,52,2024-04-27
567,17,2024-03-11
41,87,2025-06-03
1,14,2024-01-15
451,71,2024-10-13
308,22,2025-02-09
172,12,2024-09-30
30,157,2024-04-02
797,70,2023-05-17
977,37,2025-05-30
270,175,2023-11-25
3,60,2024-07-25
102,182,2024-12-19
22,73,2022-10-08
673,34,2024-12-22
880,104,2024-07-01
864,96,2023-03-21
46,58,2023-02-25
957,58,2024-11-20
406,184,2025-01-15
493,189,2025-06-01
721,196,2024-01-29
982,88,2025-05-07
324,2,2024-08-02
36,93,2022-12-24
813,50,2022-11-07
106,188,2023-01-25
34,169,2024-02-16
604,56,2023-02-19
630,194,2023-10-21
414,161,2024-01-08
433,174,2023-03-04
748,186,2024-10-31
440,33,2022-11-28
190,187,2022-10-17
834,109,2024-05-24
410,190,2024-02-08
69,126,2022-07-18
176,109,2025-03-20
927,157,2022-12-05
564,105,2025-02-06
583,118,2023-02-01
858,57,2022-12-21
676,166,2025-01-21
98,189,2025-03-24
10,76,2024-08-04
325,88,2024-02-16
859,138,2023-02-03
281,161,2022-11-22
383,29,2022-08-04
582,9,2022-10-22
132,38,2023-01-04
635,21,2022-12-25
318,85,2022-06-18
746,117,2022-08-24
94,191,2024-01-09
578,124,2023-11-03
981,20,2023-08-05
175,36,2022-08-04
295,181,2022-07-18
531,49,2024-12-24
810,138,2024-03-31
326,25,2025-01-22
398,193,2025-03-19
840,17,2024-06-26
697,117,2024-08-07
174,76,2022-10-27
828,42,2024-02-06
386,75,2024-11-28
815,72,2023-01-09
992,150,2023-08-10
234,63,2022-09-25
308,12,2022-08-22
468,1,2024-08-18
200,70,2025-02-23
950,153,2023-04-29
164,147,2023-05-31
419,108,2023-03-10
346,124,2025-04-14
855,1,2024-03-23
592,36,2024-09-20
215,49,2024-10-24
927,26,2023-04-14
771,187,2024-10-21
717,67,2024-10-03
737,45,2024-02-09
341,45,2022-11-14
334,186,2023-05-27
189,176,2023-09-06
397,62,2025-05-27
165,84,2023-05-28
762,74,2024-06-26
640,197,2022-10-01
391,167,2022-06-20
915,173,2024-08-27
438,99,2025-06-10
392,132,2023-10-29
384,128,2024-09-16
504,44,2025-03-15
927,147,2022-06-19
577,28,2024-11-27
167,50,2023-04-17
361,144,2023-06-12
152,150,2024-09-06
650,18,2023-08-05
273,31,2024-12-16
364,149,2023-06-14
593,158,2025-03-01
196,193,2022-08-05
27,155,2023-10-03
154,196,2025-02-22
204,53,2023-08-17
201,164,2023-04-06
610,183,2022-09-04
316,114,2025-03-03
417,17,2023-08-20
221,142,2023-07-27
341,58,2025-01-21
576,190,2024-08-01
685,97,2024-07-26
818,132,2025-02-17
642,135,2025-04-14
587,199,2025-06-01
599,173,2022-06-17
660,40,2023-10-18
209,24,2023-06-06
732,28,2023-08-27
308,146,2024-11-28
630,17,2025-03-16
167,27,2023-04-06
581,161,2024-04-24
669,8,2022-07-31
547,19,2024-04-20
532,119,2023-07-23
694,181,2024-02-21
156,97,2023-01-15
55,194,2023-09-18
62,90,2023-01-23
659,80,2024-02-13
336,64,2023-08-04
624,122,2024-08-19
18,163,2024-02-24
557,32,2023-09-03
25,59,2023-08-15
187,121,2023-11-01
283,58,2022-07-02
174,151,2023-02-27
354,118,2023-10-04
989,71,2024-02-14
310,191,2025-02-23
977,17,2024-02-26
277,14,2023-11-15
75,145,2025-06-10
183,7,2024-06-08
538,55,2023-11-29
484,84,2024-04-19
556,189,2023-07-20
12,125,2023-07-27
650,116,2024-03-25
130,117,2022-12-30
835,18,2023-10-26
94,14,2022-09-08
880,169,2023-10-27
960,49,2023-08-03
791,91,2024-07-14
825,4,2023-03-02
763,29,2022-07-10
580,173,2022-09-19
131,81,2023-10-02
968,169,2024-07-23
9,92,2025-06-03
22,174,2023-10-27
781,163,2025-05-06
223,164,2024-01-09
384,118,2024-02-18
867,86,2025-01-27
141,131,2023-08-06
447,174,2023-05-13
622,26,2022-09-10
676,146,2025-01-07
686,190,2024-09-27
251,119,2025-05-25
620,65,2024-03-03
397,173,2025-04-05
517,9,2025-04-12
812,6,2024-10-22
302,84,2023-07-16
825,125,2023-12-27
12,102,2025-05-15
966,64,2022-10-23
530,28,2023-12-01
247,5,2023-04-30
192,69,2022-09-22
420,76,2024-09-12
13,67,2023-12-03
245,44,2023-08-12
684,122,2023-01-04
435,55,2022-09-05
745,101,2024-01-30
596,9,2024-11-05
751,32,2024-05-22
770,45,2022-11-21
906,55,2022-09-24
520,99,2024-08-05
423,166,2023-08-31
827,27,2022-11-13
682,197,2023-04-03
903,165,2022-12-11
212,168,2024-04-07
756,3,2023-11-21
467,129,2023-12-29
413,158,2022-09-05
10,33,2022-08-13
256,174,2024-07-30
699,106,2025-06-11
700,71,2025-02-08
54,76,2024-08-14
868,64,2023-07-22
972,121,2025-03-16
394,144,2022-10-09
683,18,2024-02-12
226,188,2024-07-01
782,140,2023-07-29
184,42,2024-12-15
438,187,2022-08-04
257,175,2023-10-05
318,42,2023-12-22
632,52,2022-06-19
204,20,2024-03-10
960,183,2022-11-01
564,183,2025-01-24
530,41,2023-12-12
429,138,2022-06-16
34,103,2024-03-06
785,151,2025-04-09
496,48,2022-08-09
770,22,2024-05-08
501,163,2023-02-11
643,67,2024-07-26
547,130,2023-06-26
533,195,2023-04-13
807,169,2022-08-12
371,133,2022-12-21
982,58,2024-12-08
969,88,2023-04-17
787,111,2025-01-18
22,128,2025-06-07
953,143,2023-12-19
991,26,2025-03-19
949,109,2024-04-15
331,96,2025-02-12
203,176,2025-02-10
364,93,2023-04-18
504,24,2022-08-19
724,27,2023-11-30
33,30,2024-05-30
652,8,2025-03-12
251,109,2024-01-03
625,170,2022-12-09
329,28,2023-03-29
638,109,2023-10-25
967,19,2022-09-22
918,14,2025-06-09
381,38,2022-09-03
205,78,2025-04-12
197,137,2024-01-31
551,77,2025-04-01
54,174,2024-10-09
256,43,2022-06-22
315,129,2022-08-27
28,36,2024-10-24
745,91,2025-04-14
20,181,2024-05-19
723,189,2024-09-18
200,148,2022-08-19
788,169,2022-10-21
445,95,2023-07-28
714,140,2022-06-17
665,98,2022-12-28
740,12,2023-11-06
194,104,2024-11-16
127,14,2025-05-26
141,98,2024-06-05
381,159,2023-05-27
911,96,2023-09-27
193,108,2024-09-12
239,75,2022-08-02
98,136,2023-07-18
427,46,2025-04-18
790,98,2025-01-15
947,198,2023-10-11
808,3,2024-12-01
282,73,2022-11-12
879,63,2022-08-03
697,172,2023-11-04
548,192,2024-11-19
782,130,2024-03-27
466,10,2024-06-30
195,190,2022-06-21
88,64,2023-11-28
207,164,2025-03-05
965,108,2024-12-11
79,15,2024-06-01
514,172,2025-02-01
634,88,2024-03-06
271,185,2023-05-24
714,117,2024-08-03
223,108,2024-07-21
497,119,2023-02-19
384,62,2024-05-23
337,130,2024-11-06
67,126,2024-01-09
528,106,2023-09-11
810,170,2024-02-14
151,119,2023-02-04
401,151,2025-01-10
695,103,2023-06-28
244,167,2024-03-29
974,192,2023-04-17
866,101,2023-11-15
941,15,2022-10-20
979,127,2024-12-18
582,162,2022-09-20
547,61,2024-04-30
96,45,2024-08-14
6,151,2025-03-26
704,44,2025-05-22
978,18,2023-01-23
186,118,2023-05-22
218,150,2024-01-27
65,57,2023-02-04
170,110,2024-10-07
982,25,2024-10-10
156,175,2022-07-24
479,191,2023-06-15
941,136,2022-12-01
875,191,2024-10-12
222,120,2024-06-12
780,39,2023-08-31
283,136,2024-07-05
402,87,2022-08-30
785,154,2025-02-18
14,91,2023-02-04
718,64,2025-02-06
494,170,2024-10-29
132,83,2023-07-15
198,28,2023-03-23
935,178,2024-09-30
712,20,2024-12-04
861,112,2023-06-20
658,49,2025-03-18
685,152,2023-09-20
396,49,2022-08-21
992,74,2025-01-15
99,171,2025-05-23
496,136,2023-10-06
361,91,2024-09-09
796,19,2023-10-19
740,87,2024-03-21
209,79,2023-02-11
443,17,2024-08-10
564,127,2023-03-18
100,172,2023-05-10
838,101,2024-01-30
214,157,2023-01-15
972,101,2023-05-14
421,78,2022-12-26
326,106,2024-11-09
385,155,2023-08-09
869,125,2025-05-26
44,91,2025-03-06
338,80,2025-05-13
378,116,2023-05-08
815,117,2025-03-14
404,25,2024-01-29
190,65,2023-06-13
390,90,2022-08-13
290,152,2024-11-26
632,32,2025-03-28
826,163,2024-07-27
442,137,2023-08-21
93,132,2023-10-21
804,144,2023-06-18
986,121,2022-09-11
770,2,2025-05-04
536,64,2022-12-07
768,78,2024-02-24
714,107,2024-08-23
149,149,2022-06-26
29,4,2022-07-23
552,8,2025-04-07
61,36,2025-02-28
891,148,2023-06-06
750,109,2022-08-01
716,116,2024-05-05
936,156,2023-05-21
614,105,2022-07-16
491,34,2025-06-05
437,63,2022-10-05
920,31,2023-02-26
201,52,2025-04-23
414,196,2025-06-12
677,161,2023-11-05
165,129,2023-12-24
818,20,2023-08-15
225,180,2024-04-04
591,121,2024-07-07
72,50,2022-11-18
554,90,2024-11-14
701,109,2024-07-26
886,154,2023-10-16
610,107,2023-08-16
850,88,2024-07-07
487,36,2022-12-27
796,117,2024-05-10
319,43,2023-09-04
259,178,2024-04-26
587,123,2025-03-19
532,187,2023-05-27
768,55,2025-03-20
285,50,2023-04-05
874,36,2025-04-11
54,154,2024-07-03
878,186,2025-06-14
482,106,2025-02-18
510,25,2024-06-15
246,95,2023-01-01
998,108,2025-02-27
958,35,2024-10-23
694,105,2025-02-26
841,124,2023-07-12
552,21,2025-05-05
335,172,2022-06-27
428,71,2025-01-13
825,36,2024-09-25
334,64,2024-07-21
634,176,2022-08-10
186,49,2023-06-01
251,66,2023-06-20
277,167,2025-01-16
760,172,2025-03-31
202,173,2025-03-05
786,44,2023-07-01
135,83,2024-11-06
517,185,2024-07-07
201,65,2024-03-21
494,52,2023-10-11
394,114,2025-02-16
172,1,2023-06-23
386,110,2023-10-09
756,58,2022-08-03
219,82,2024-12-16
975,96,2022-10-03
56,55,2023-10-14
143,123,2023-01-11
768,32,2022-11-04
794,170,2024-03-29
886,167,2022-08-09
68,29,2023-07-08
336,109,2024-09-07
624,167,2024-06-23
824,192,2024-05-21
187,166,2025-03-13
677,30,2024-06-15
99,53,2024-12-10
349,48,2022-08-07
588,101,2025-05-27
958,12,2023-04-27
212,79,2024-06-27
840,173,2023-02-07
22,98,2023-05-15
974,136,2024-08-14
639,3,2023-01-24
457,26,2025-02-23
323,175,2022-10-23
538,100,2023-04-16
61,26,2022-11-01
852,147,2022-07-20
959,93,2023-02-06
227,58,2022-08-04
447,98,2024-04-16
776,8,2025-05-16
903,112,2023-04-23
387,196,2022-09-02
145,25,2023-05-10
848,33,2024-04-18
565,53,2022-09-26
311,57,2023-02-13
216,85,2024-06-01
805,71,2025-02-05
194,146,2024-04-21
583,107,2022-12-23
126,11,2024-02-03
112,113,2023-06-30
810,6,2024-09-15
285,184,2025-03-08
76,190,2024-07-06
600,196,2023-06-24
292,80,2022-08-05
720,112,2023-08-15
324,112,2022-07-22
171,19,2023-09-05
740,90,2023-12-01
596,162,2025-04-11
74,86,2022-06-30
335,41,2022-07-07
575,139,2024-03-03
945,50,2025-04-14
562,169,2025-03-08
254,53,2024-02-06
642,49,2022-09-04
741,171,2023-08-13
660,183,2023-10-10
848,154,2023-03-30
807,116,2024-10-16
888,190,2025-02-21
443,105,2025-06-11
302,129,2023-12-17
1000,22,2024-07-16
483,141,2022-10-31
181,68,2025-02-15
602,98,2023-02-09
64,157,2023-01-14
984,163,2024-12-31
889,191,2023-05-18
895,85,2024-07-20
16,117,2025-06-01
250,55,2025-01-15
324,4,2022-07-08
867,23,2023-08-20
315,184,2023-10-31
235,75,2024-09-24
5,107,2024-12-29
976,195,2023-06-17
768,166,2022-06-24
650,30,2022-12-09
876,193,2023-07-02
910,106,2022-06-28
642,26,2023-12-08
702,77,2025-05-30
539,50,2023-05-25
593,170,2022-11-05
969,12,2023-08-18
410,48,2023-04-25
878,153,2023-11-01
779,31,2023-03-22
612,3,2024-03-14
557,67,2024-05-03
388,146,2024-06-09
517,31,2024-03-04
549,63,2024-10-16
670,124,2023-02-10
326,171,2023-02-13
897,23,2023-06-13
85,108,2022-09-28
745,38,2022-07-02
51,115,2024-10-26
666,10,2024-03-03
142,90,2024-05-20
484,119,2025-02-18
275,125,2024-12-21
839,167,2022-08-05
516,151,2023-03-10
892,173,2024-05-14
649,186,2025-05-02
59,92,2024-02-15
111,102,2023-09-12
567,153,2023-03-20
372,143,2022-07-01
969,133,2025-02-11
292,34,2022-10-21
546,179,2023-08-10
740,44,2023-10-15
898,109,2024-11-02
247,148,2024-04-21
998,196,2022-06-23
675,180,2025-02-22
440,48,2023-06-17
809,31,2025-05-19
501,64,2025-03-11
49,163,2023-06-17
815,74,2025-01-31
478,160,2024-02-22
485,56,2024-10-28
22,29,2024-02-01
609,91,2023-06-05
191,103,2024-02-25
843,29,2023-01-05
862,42,2022-12-20
63,183,2024-08-31
143,175,2024-10-08
222,90,2023-05-23
103,139,2023-08-23
538,67,2023-02-24
106,144,2024-12-26
648,198,2023-09-18
904,124,2024-11-13
676,37,2022-12-29
722,4,2022-06-25
10,176,2024-07-15
949,46,2023-10-30
508,44,2023-07-08
116,194,2023-01-06
706,145,2023-03-23
934,152,2025-05-28
685,122,2025-02-15
805,38,2024-07-16
146,73,2022-11-01
897,121,2025-03-06
92,102,2022-10-19
204,163,2024-11-10
702,31,2024-12-24
632,195,2023-02-18
150,192,2024-09-17
357,27,2022-06-22
658,104,2023-01-09
296,17,2024-07-22
838,71,2022-12-17
839,36,2024-05-25
342,133,2024-04-12
52,65,2024-06-08
442,71,2022-08-29
945,17,2025-03-05
254,20,2024-01-11
877,148,2022-10-30
219,62,2024-03-04
63,160,2023-12-03
136,64,2022-06-20
149,83,2023-07-22
363,192,2022-09-27
409,159,2022-10-10
845,195,2022-10-16
966,76,2023-10-07
121,21,2024-01-23
538,44,2023-06-15
549,53,2024-02-09
67,50,2024-08-24
152,8,2025-02-05
676,14,2024-02-29
303,177,2023-11-06
901,132,2025-05-17
15,39,2022-12-16
579,81,2024-07-12
424,58,2023-08-08
799,84,2024-01-03
107,122,2024-07-31
508,57,2024-09-15
862,140,2024-10-10
774,27,2025-03-17
889,14,2023-11-22
317,197,2024-10-02
512,27,2024-07-21
557,178,2025-01-11
941,24,2022-08-28
945,174,2025-05-24
395,116,2024-04-13
314,42,2022-12-02
676,135,2025-03-07
312,118,2023-11-23
387,32,2022-12-21
830,193,2023-12-25
848,98,2023-06-14
317,53,2025-02-06
859,107,2025-01-20
678,95,2024-06-05
919,158,2025-06-10
824,149,2022-11-14
717,23,2024-08-15
199,97,2023-11-20
291,180,2022-06-17
506,68,2022-12-27
929,171,2023-02-05
311,158,2023-05-04
249,183,2022-11-02
691,150,2025-03-27
175,5,2025-05-24
142,57,2022-11-11
578,93,2025-04-17
168,109,2022-08-19
476,82,2022-09-21
959,50,2023-04-17
141,12,2025-06-02
341,37,2024-06-02
44,159,2024-08-25
751,21,2025-03-25
267,88,2025-01-13
6,196,2024-09-12
499,65,2022-08-27
131,47,2025-05-18
834,55,2025-04-29
403,97,2024-03-09
717,144,2024-08-02
905,115,2024-07-23
93,200,2024-06-22
146,63,2024-08-30
200,183,2024-08-29
152,106,2022-11-02
963,56,2024-05-10
800,178,2025-05-23
478,127,2023-04-15
14,172,2024-08-06
371,1,2022-11-26
733,8,2025-01-05
705,26,2022-11-06
919,135,2023-10-10
296,7,2023-07-14
415,107,2025-03-31
979,149,2024-07-17
616,97,2022-10-07
207,78,2023-07-29
294,46,2023-01-14
642,6,2025-02-24
877,138,2024-09-25
325,70,2023-12-19
97,26,2023-09-17
491,102,2025-02-11
282,108,2023-09-05
591,189,2023-08-23
268,173,2022-06-19
891,72,2025-05-29
206,198,2022-08-17
669,108,2024-08-07
23,113,2024-03-28
64,114,2025-04-05
889,148,2023-10-11
225,68,2023-11-01
748,109,2023-08-26
922,145,2024-03-17
996,94,2024-04-15
28,48,2023-02-16
838,182,2024-10-04
444,26,2024-07-04
188,186,2024-05-30
924,105,2025-06-05
328,80,2022-09-22
301,63,2024-07-03
280,40,2024-11-22
166,18,2025-05-23
534,185,2022-09-05
855,91,2023-05-09
189,1,2025-01-19
698,144,2022-07-30
384,97,2025-04-16
121,132,2024-03-14
230,39,2025-04-28
401,186,2023-02-10
730,96,2025-04-15
776,63,2022-07-17
466,166,2023-03-14
70,166,2025-05-09
756,5,2024-01-30
532,111,2023-04-14
613,185,2024-04-25
251,98,2023-08-19
55,186,2022-11-28
582,197,2022-09-12
480,186,2025-01-23
70,22,2025-04-10
895,19,2023-09-19
666,196,2022-07-01
875,190,2022-08-16
598,61,2023-09-03
288,101,2025-02-09
335,96,2025-05-12
932,86,2023-09-16
904,104,2025-05-13
777,149,2023-08-21
205,103,2025-04-26
193,12,2025-02-01
271,197,2022-07-30
123,33,2023-02-27
54,199,2023-08-21
757,170,2022-11-30
986,179,2024-03-02
791,83,2024-11-13
624,55,2023-07-17
729,108,2022-08-21
520,114,2024-03-14
675,137,2024-10-16
43,189,2024-10-21
936,178,2023-05-11
124,34,2022-07-25
189,14,2025-05-08
585,100,2023-08-19
840,61,2023-01-17
376,106,2023-05-17
549,177,2024-10-07
590,178,2024-08-10
652,10,2024-02-28
302,40,2023-06-27
515,184,2023-05-13
911,121,2024-04-08
401,19,2022-12-16
883,22,2023-01-09
782,119,2024-12-29
186,94,2023-08-12
775,80,2023-10-04
311,125,2024-12-16
75,114,2022-09-20
881,98,2025-05-12
672,104,2023-03-23
952,158,2024-10-24
783,200,2024-06-14
335,73,2025-03-19
25,113,2024-09-02
978,30,2025-04-12
79,4,2024-02-14
298,42,2023-06-02
662,59,2024-06-23
163,83,2022-10-05
109,112,2024-01-01
147,138,2023-12-30
999,89,2025-02-11
563,53,2022-07-29
449,31,2024-08-29
408,179,2025-04-21
285,108,2024-03-28
124,11,2024-07-08
498,72,2022-10-01
62,36,2024-04-28
1,169,2023-09-05
503,187,2024-05-16
67,151,2024-08-17
249,42,2025-03-06
59,147,2024-08-03
730,86,2024-06-06
715,186,2024-03-02
602,166,2023-08-06
326,82,2023-02-12
849,186,2024-02-19
782,96,2024-11-14
364,108,2025-02-12
264,170,2024-08-13
565,98,2025-05-05
68,195,2023-04-20
586,41,2023-11-03
222,24,2025-04-30
966,33,2025-02-14
456,111,2024-06-15
925,181,2023-07-20
476,26,2023-03-01
31,84,2023-03-12
64,81,2025-04-21
70,12,2025-04-21
457,192,2022-07-24
61,192,2024-07-10
41,134,2022-09-08
27,199,2024-07-29
33,130,2023-07-21
388,178,2024-06-17
529,37,2023-12-15
588,123,2022-07-16
828,184,2025-05-25
380,94,2023-04-04
57,78,2025-01-17
889,200,2024-10-16
366,159,2023-08-17
203,132,2024-07-11
800,122,2024-06-24
969,80,2023-12-15
383,99,2024-11-04
403,77,2023-08-29
871,182,2024-08-04
80,61,2024-08-13
395,73,2025-06-05
919,79,2024-08-15
710,85,2025-04-14
792,38,2025-03-16
575,40,2023-06-18
151,121,2023-01-20
998,143,2025-05-10
903,134,2023-10-07
224,191,2024-02-24
138,188,2025-06-06
393,149,2023-04-08
378,20,2023-08-13
982,135,2024-08-22
955,181,2024-10-14
536,197,2023-08-09
671,13,2024-11-16
583,129,2023-10-01
480,153,2025-03-04
863,183,2022-11-01
385,144,2022-12-27
58,164,2023-04-24
989,30,2022-07-10
130,40,2024-07-19
35,31,2022-06-24
351,8,2023-06-14
598,28,2024-12-21
315,85,2024-04-23
47,5,2025-04-11
972,126,2023-12-24
214,182,2024-11-24
576,126,2023-01-05
656,6,2023-08-27
636,140,2022-11-19
125,190,2024-10-25
45,81,2023-07-27
876,9,2023-08-07
902,147,2023-05-13
124,145,2023-10-18
525,160,2022-10-17
157,142,2025-03-23
962,161,2022-06-30
297,73,2025-01-24
934,99,2023-04-14
926,95,2023-03-05
617,163,2024-10-14
583,21,2024-03-21
455,101,2022-10-24
710,62,2023-01-01
112,27,2022-10-28
734,190,2024-11-23
856,36,2022-08-12
518,157,2024-06-16
304,197,2023-04-02
786,200,2024-02-02
384,77,2023-01-16
101,97,2024-10-31
966,167,2022-12-05
121,112,2023-09-14
585,67,2022-10-21
981,67,2024-10-14
730,76,2025-02-11
31,38,2023-02-04
346,50,2024-11-19
600,195,2023-10-25
526,17,2023-09-11
297,194,2024-06-05
512,82,2023-10-30
899,113,2022-10-08
517,197,2025-03-06
806,71,2025-03-02
718,187,2022-07-18
578,27,2024-05-23
240,68,2024-08-25
622,70,2023-12-11
715,32,2024-01-18
332,151,2023-07-11
585,188,2022-12-16
87,91,2025-04-02
308,59,2022-09-11
589,158,2024-08-23
509,49,2023-10-18
520,58,2025-03-16
251,199,2024-02-16
312,29,2023-05-30
540,36,2023-01-31
157,155,2024-11-25
696,140,2024-06-06
601,168,2024-09-03
762,85,2022-12-26
185,73,2025-02-14
204,123,2023-12-22
856,49,2023-11-02
741,62,2023-04-04
411,156,2024-06-30
160,16,2025-02-15
701,111,2023-12-13
661,38,2022-10-17
874,182,2023-01-14
975,85,2025-05-08
62,124,2025-01-24
227,191,2025-04-04
334,174,2024-06-26
795,154,2024-07-12
251,176,2023-09-09
580,86,2023-06-25
116,131,2024-09-06
599,99,2022-11-24
390,105,2025-03-03
431,106,2023-11-05
182,76,2022-11-07
808,93,2023-09-30
156,167,2024-07-02
738,114,2023-09-04
852,136,2023-01-15
395,40,2022-06-19
187,11,2023-04-17
958,37,2022-08-22
24,133,2024-12-08
821,148,2025-03-25
332,20,2024-05-05
982,102,2023-07-12
955,148,2022-11-30
524,190,2023-10-10
770,102,2024-01-25
5,119,2022-07-12
494,18,2025-04-06
608,40,2023-06-07
434,153,2024-01-05
280,95,2025-05-29
876,120,2022-07-25
969,168,2025-03-21
888,94,2023-11-28
182,197,2024-07-02
516,42,2024-08-23
188,97,2022-08-27
850,67,2023-01-06
643,3,2023-11-05
299,193,2024-12-29
816,74,2023-01-15
250,188,2023-09-25
453,22,2024-04-08
380,38,2023-02-19
559,40,2024-03-05
665,21,2024-10-30
27,179,2024-10-06
114,147,2023-02-09
302,118,2023-08-26
917,13,2024-11-15
548,30,2024-07-15
51,127,2023-12-09
789,93,2022-12-13
243,148,2022-07-24
437,199,2022-10-27
307,169,2023-08-04
227,60,2023-06-30
904,159,2024-08-01
287,111,2024-01-04
174,54,2023-08-18
24,146,2025-03-05
413,107,2022-07-15
310,94,2024-05-22
311,59,2024-03-07
740,56,2024-05-07
799,142,2023-11-29
892,41,2023-03-12
743,98,2022-11-03
58,144,2023-07-30
131,128,2024-04-20
104,111,2024-12-08
500,111,2025-01-13
171,21,2024-07-03
753,111,2025-03-08
827,97,2022-11-25
450,110,2022-11-28
26,191,2024-07-14
25,83,2024-11-24
184,76,2023-02-19
699,176,2024-04-21
417,198,2025-02-19
538,79,2024-04-07
289,12,2022-12-24
864,100,2023-04-26
326,196,2025-01-05
935,160,2024-07-12
936,125,2024-12-09
298,97,2024-10-19
204,90,2023-02-14
310,71,2023-07-09
417,54,2022-11-04
516,176,2023-09-22
402,154,2022-09-19
409,50,2023-07-04
323,10,2022-07-24
388,27,2023-08-25
836,37,2025-03-06
661,5,2024-02-10
406,44,2023-11-01
411,159,2023-12-28
430,109,2023-08-16
873,41,2023-12-13
296,29,2025-05-02
87,35,2024-09-30
127,71,2024-11-16
421,60,2024-12-11
744,39,2023-01-21
931,131,2022-07-28
565,153,2022-07-01
344,105,2022-10-30
471,146,2023-08-24
383,33,2023-07-09
19,165,2024-12-28
348,75,2024-12-04
945,65,2024-02-12
919,13,2025-02-18
240,133,2024-02-17
126,111,2024-02-20
269,47,2025-05-05
920,157,2024-07-28
766,99,2025-05-07
387,188,2023-12-08
763,30,2024-11-01
599,187,2024-05-06
231,169,2025-03-23
128,193,2024-09-28
383,154,2024-01-22
482,196,2023-03-26
126,3,2023-08-31
481,51,2023-01-21
581,175,2023-10-14
950,121,2023-03-30
895,185,2022-11-22
325,69,2025-05-24
15,172,2025-05-07
861,192,2025-05-27
350,13,2025-05-27
54,100,2022-11-18
20,107,2022-12-09
950,157,2024-08-04
246,41,2022-07-04
385,199,2022-10-10
643,6,2024-04-11
983,154,2023-03-21
829,96,2022-12-01
621,67,2024-02-19
383,46,2024-06-19
101,31,2024-09-04
570,101,2022-12-02
657,169,2024-11-25
704,101,2025-06-05
342,14,2024-05-07
306,91,2023-01-03
790,24,2024-08-28
30,7,2023-07-08
534,184,2022-08-17
398,174,2023-01-02
721,190,2025-02-13
76,123,2025-06-08
673,113,2023-06-20
131,59,2023-07-28
559,128,2022-08-09
228,28,2023-08-17
752,34,2024-12-15
850,191,2024-05-12
575,72,2024-08-15
540,114,2025-01-18
695,137,2023-03-11
800,190,2025-01-08
75,51,2022-10-19
995,20,2022-08-15
458,81,2023-08-24
585,122,2024-11-01
658,106,2023-04-14
531,151,2024-12-09
651,67,2022-06-22
443,38,2024-06-18
120,22,2023-02-22
314,95,2024-02-18
455,12,2023-05-16
379,53,2022-10-27
479,140,2024-02-21
366,83,2022-11-25
935,91,2025-02-13
600,21,2022-09-02
686,24,2024-10-12
926,42,2022-12-24
704,78,2024-06-09
167,139,2023-12-25
623,4,2023-04-26
810,96,2023-08-27
333,22,2024-03-02
983,167,2024-08-13
506,93,2024-06-04
4,112,2023-08-13
793,43,2023-05-25
476,107,2023-04-15
309,79,2023-11-19
979,53,2023-07-17
100,85,2023-03-18
280,52,2022-09-03
923,9,2022-12-24
63,54,2024-05-02
655,78,2022-08-28
178,4,2022-09-18
238,55,2025-05-22
666,87,2023-04-05
791,118,2022-09-08
322,134,2024-10-03
278,127,2024-06-22
888,136,2023-06-12
215,187,2023-04-09
7,158,2024-03-01
537,58,2024-06-19
601,79,2024-03-08
889,137,2023-08-02
687,2,2025-05-30
276,59,2024-03-24
322,26,2023-10-23
590,69,2023-12-12
595,184,2024-11-14
770,36,2022-08-20
119,75,2024-11-12
602,80,2024-11-21
910,196,2022-07-05
790,14,2022-12-17
482,127,2025-05-21
654,90,2024-06-15
660,21,2022-09-01
157,187,2025-01-21
833,92,2023-12-11
257,45,2022-11-12
209,5,2024-06-10
732,9,2022-11-27
348,163,2022-09-04
375,37,2023-01-23
286,188,2023-03-10
361,102,2024-08-09
635,113,2025-03-04
390,16,2024-04-25
290,78,2023-11-05
436,132,2024-02-26
293,83,2023-10-26
817,89,2022-07-25
199,76,2025-04-27
400,66,2023-11-18
883,34,2022-09-05
742,95,2023-09-26
466,11,2025-02-18
754,69,2023-02-24
29,159,2024-11-06
592,7,2025-05-30
638,123,2023-01-05
275,71,2023-10-08
629,154,2023-08-16
489,180,2024-10-01
187,187,2023-11-02
375,158,2023-06-22
949,15,2024-03-09
224,105,2024-01-18
492,185,2024-04-27
921,182,2024-05-27
827,175,2023-09-19
397,33,2023-03-03
87,136,2024-05-14
128,137,2023-01-29
308,104,2024-05-07
752,1,2024-03-03
979,43,2025-03-15
200,162,2024-07-14
400,187,2023-01-24
837,188,2024-04-06
111,84,2024-05-06
151,120,2023-08-08
191,193,2023-05-20
857,17,2022-07-19
526,183,2023-12-29
89,145,2024-08-18
889,6,2024-03-10
369,199,2023-06-18
249,54,2023-02-26
605,67,2022-11-21
865,143,2022-12-06
670,47,2024-03-19
11,82,2023-07-06
876,152,2022-07-11
156,91,2023-07-03
907,139,2024-11-17
370,200,2023-04-10
157,56,2023-04-21
754,46,2024-05-17
868,68,2024-11-08
283,52,2023-04-23
477,146,2022-06-23
31,96,2022-08-09
420,57,2022-11-16
701,156,2025-05-12
244,60,2023-11-06
484,78,2023-05-17
476,74,2024-02-03
979,20,2024-09-28
359,163,2023-12-12
514,186,2023-05-08
716,55,2023-10-19
653,115,2023-10-22
525,195,2023-05-21
814,69,2025-04-12
77,68,2023-09-19
237,57,2023-01-22
163,108,2025-02-16
933,169,2023-09-26
257,35,2025-06-05
692,192,2023-03-24
981,66,2023-06-13
175,82,2022-07-11
457,60,2023-03-10
275,169,2023-05-26
725,140,2023-02-12
550,108,2023-01-20
447,132,2024-03-22
674,174,2023-08-13
24,178,2023-04-10
576,17,2023-09-26
830,162,2023-01-06
679,109,2023-11-06
351,164,2022-09-10
585,102,2025-02-07
545,29,2024-02-25
147,19,2023-07-13
752,99,2024-02-29
480,165,2023-08-06
620,59,2023-06-02
526,52,2022-08-09
981,187,2023-07-27
458,146,2023-11-08
40,158,2022-06-24
451,110,2023-07-24
689,195,2022-10-14
422,80,2024-01-16
496,29,2023-11-05
925,26,2024-06-24
716,32,2023-09-26
433,89,2023-02-28
902,159,2022-09-09
647,198,2023-05-26
546,115,2023-04-29
933,146,2024-01-11
121,88,2025-01-02
408,181,2024-12-23
400,177,2024-09-29
944,12,2024-04-16
837,178,2023-07-03
648,13,2023-04-20
655,58,2024-06-05
526,173,2023-03-14
358,180,2025-05-16
204,122,2024-09-19
324,38,2025-01-29
532,67,2025-04-13
861,126,2023-05-02
484,176,2023-02-13
503,189,2024-08-01
879,31,2024-10-23
751,111,2024-10-30
287,156,2023-05-16
670,37,2022-10-26
461,43,2024-03-01
536,186,2024-04-07
154,121,2023-03-11
24,191,2024-04-11
842,149,2024-12-15
833,180,2025-04-16
48,139,2023-03-26
314,109,2024-03-10
743,143,2023-04-24
917,179,2024-03-07
387,99,2023-04-07
305,146,2023-09-08
16,43,2022-07-04
673,47,2024-09-24
760,52,2024-12-19
490,191,2024-07-21
853,14,2022-12-20
617,152,2023-02-17
536,78,2024-03-27
937,93,2023-12-16
797,119,2022-11-03
152,52,2024-08-16
574,190,2024-08-17
9,40,2023-02-10
108,162,2024-03-07
698,113,2024-11-28
389,181,2024-05-20
704,156,2025-02-07
865,110,2024-03-15
488,123,2025-04-04
71,100,2022-10-03
668,90,2022-12-05
150,164,2025-05-11
745,193,2025-06-13
314,86,2024-09-26
743,120,2023-10-17
193,125,2022-08-22
836,82,2022-12-22
822,4,2025-01-14
183,197,2024-09-27
485,90,2023-11-22
175,193,2023-05-12
577,87,2025-01-04
518,38,2023-07-02
470,110,2023-04-26
260,151,2024-08-01
388,157,2023-09-11
321,167,2023-06-19
293,148,2024-11-09
696,44,2022-11-07
313,163,2024-10-15
137,166,2022-07-26
962,163,2022-06-27
854,72,2023-05-12
297,75,2024-02-27
491,169,2024-12-31
356,124,2023-08-08
798,177,2022-08-25
502,178,2024-08-16
817,190,2023-02-15
919,58,2022-08-14
683,110,2022-07-16
998,122,2025-02-23
333,77,2025-01-29
829,164,2022-10-10
527,91,2024-10-16
573,58,2023-01-25
632,144,2025-01-17
227,95,2023-06-16
100,140,2023-08-21
180,20,2023-07-11
30,75,2024-07-29
31,40,2023-08-19
863,162,2023-06-13
310,129,2023-06-20
681,42,2024-06-27
464,44,2023-11-14
135,97,2022-06-18
718,189,2025-04-11
785,99,2025-05-15
72,77,2022-09-10
327,38,2024-03-05
513,165,2023-02-10
813,197,2022-08-30
874,27,2024-07-28
861,8,2024-02-11
760,42,2023-01-09
202,43,2024-07-17
34,87,2023-08-24
631,77,2023-02-13
677,44,2022-09-03
617,142,2025-04-05
663,109,2024-02-09
664,74,2022-08-07
783,25,2023-01-26
301,22,2025-02-15
340,93,2023-01-10
591,4,2023-09-05
723,160,2025-04-03
734,169,2024-09-04
346,173,2022-07-22
781,101,2023-03-15
526,140,2023-05-21
318,111,2023-05-02
103,186,2023-04-02
357,182,2023-01-29
928,34,2022-10-12
546,118,2023-05-12
21,4,2024-06-11
839,191,2024-08-06
12,184,2023-09-14
126,169,2024-09-05
347,174,2024-06-24
98,107,2024-06-06
996,174,2024-10-19
814,134,2024-01-29
551,169,2022-07-16
572,112,2024-02-11
1000,144,2025-02-28
369,12,2025-04-21
355,114,2023-05-25
469,99,2024-07-30
313,117,2022-11-17
467,175,2025-01-13
620,39,2023-08-08
909,142,2024-03-15
43,27,2022-08-09
693,109,2025-02-11
921,116,2024-06-01
190,46,2024-05-24
786,71,2025-05-16
307,73,2023-10-09
361,193,2023-04-25
463,61,2023-11-08
582,12,2023-01-08
300,34,2022-07-27
408,125,2023-01-29
31,138,2023-05-31
985,137,2022-12-03
957,38,2024-01-25
339,25,2024-10-30
192,92,2023-07-22
922,117,2022-08-06
366,128,2022-12-10
231,83,2024-02-18
103,163,2025-04-15
237,14,2023-09-21
618,200,2023-06-21
457,17,2023-10-20
437,188,2023-06-20
274,161,2025-01-26
15,50,2025-03-22
282,165,2022-12-07
764,25,2023-01-22
340,106,2024-01-07
772,29,2022-12-01
342,36,2024-11-01
601,147,2022-06-26
844,54,2022-07-03
903,103,2023-06-12
313,9,2024-03-05
950,35,2022-10-12
84,186,2023-01-26
171,154,2022-06-26
527,81,2022-07-10
942,31,2023-01-18
681,176,2023-09-06
748,166,2023-10-12
551,146,2024-08-28
201,33,2022-10-28
617,11,2025-02-27
265,197,2024-10-21
31,30,2023-07-21
394,82,2024-11-26
519,113,2023-10-08
406,56,2023-09-26
366,20,2024-10-13
130,9,2024-04-14
772,150,2023-07-01
477,116,2024-11-23
946,186,2023-03-16
524,48,2024-09-13
301,156,2022-12-23
569,199,2024-05-19
267,14,2023-02-01
361,170,2022-09-09
776,120,2025-03-02
410,26,2025-03-09
258,194,2024-08-29
533,133,2024-02-15
402,58,2023-03-26
302,120,2023-12-02
945,77,2023-02-28
140,58,2023-02-08
623,26,2024-08-09
5,13,2025-04-23
401,99,2022-11-07
621,102,2022-11-02
713,185,2023-05-06
598,118,2022-08-29
30,42,2025-05-16
505,192,2024-03-14
733,199,2024-09-05
438,102,2025-06-15
672,40,2024-10-07
773,92,2022-09-23
300,168,2024-08-10
818,14,2025-04-30
421,49,2024-06-10
650,21,2022-11-08
159,49,2022-08-12
501,78,2023-07-30
867,135,2023-10-10
868,100,2025-02-03
859,131,2023-09-12
337,55,2024-12-13
383,22,2024-06-08
129,26,2024-02-04
242,83,2024-08-23
611,29,2025-05-01
31,128,2024-12-13
869,181,2023-11-20
460,162,2024-05-13
292,169,2023-12-10
889,159,2024-12-06
844,8,2023-09-12
861,60,2024-04-28
369,123,2024-12-14
919,38,2025-04-06
126,136,2023-01-02
858,171,2023-04-01
696,109,2023-08-13
333,57,2024-05-17
393,108,2023-02-20
507,93,2025-01-27
836,3,2023-10-12
379,173,2024-10-27
653,147,2023-11-12
117,173,2022-11-25
706,159,2023-12-22
88,146,2025-04-01
8,37,2022-12-30
34,175,2023-05-29
590,127,2022-07-29
980,133,2025-04-28
838,49,2024-10-20
204,177,2023-06-27
490,125,2023-08-22
241,95,2024-01-22
724,63,2024-08-05
521,149,2025-03-14
352,191,2024-08-18
334,143,2022-11-24
674,62,2023-03-14
270,158,2023-03-16
699,155,2023-01-07
586,98,2024-03-05
183,10,2025-04-11
95,126,2024-11-02
402,48,2022-10-03
455,60,2022-09-16
301,2,2025-05-24
515,74,2022-10-24
802,104,2023-10-30
189,169,2023-12-30
888,27,2023-03-01
96,127,2023-06-30
465,73,2024-07-09
295,187,2023-09-14
276,94,2025-03-18
234,177,2024-04-19
650,155,2024-06-18
254,155,2025-02-16
496,97,2025-02-25
92,93,2023-10-27
915,166,2022-08-09
721,35,2024-12-05
921,60,2023-05-01
725,185,2022-07-25
423,192,2024-05-05
384,121,2023-02-18
973,107,2022-11-28
125,126,2022-10-07
486,168,2025-05-15
661,20,2024-04-22
191,71,2024-07-16
372,3,2022-12-28
908,126,2023-05-30
907,161,2025-02-10
753,103,2024-09-30
417,154,2023-12-09
974,71,2022-12-22
262,131,2022-11-18
597,121,2023-12-07
179,133,2023-08-15
971,182,2023-03-21
495,73,2023-02-12
963,178,2023-10-27
326,152,2022-12-12
86,54,2023-07-16
954,129,2023-04-29
841,72,2022-11-21
69,1,2023-08-01
110,2,2023-08-03
127,171,2023-06-02
161,84,2024-11-20
4,137,2024-03-24
359,185,2024-05-24
716,77,2025-01-02
535,2,2023-01-12
237,79,2023-01-16
948,91,2024-08-30
933,191,2024-07-13
356,179,2024-11-26
249,53,2023-01-23
106,4,2023-04-29
797,187,2023-05-13
957,139,2025-02-01
548,120,2024-12-15
970,78,2023-05-15
544,86,2024-12-23
276,192,2023-12-15
470,57,2024-04-02
326,129,2025-03-23
991,137,2022-06-28
251,135,2023-11-07
574,114,2024-11-13
889,126,2022-06-27
89,36,2023-07-31
626,161,2024-07-03
22,46,2024-10-02
14,42,2024-07-05
169,65,2022-09-02
162,26,2024-10-02
946,22,2023-05-25
476,73,2024-10-26
326,165,2023-10-20
52,154,2023-03-25
186,154,2024-07-24
656,40,2023-01-01
664,44,2023-09-27
279,53,2024-06-06
512,175,2022-12-08
767,136,2025-02-01
996,108,2024-09-05
217,78,2023-09-12
940,64,2023-04-05
33,177,2023-10-24
731,70,2023-12-13
409,19,2023-05-31
302,185,2022-12-19
140,123,2025-03-11
952,38,2024-02-27
488,83,2022-07-05
212,148,2022-09-12
983,25,2023-08-27
714,166,2024-01-31
800,169,2022-11-18
216,118,2024-04-08
276,169,2022-07-16
651,46,2023-07-25
623,127,2024-08-18
986,36,2022-12-05
877,129,2024-03-26
17,174,2022-10-22
823,158,2023-06-04
914,47,2025-01-18
382,186,2025-03-30
67,31,2023-09-08
535,136,2022-08-01
762,178,2024-03-25
185,166,2023-05-28
709,172,2024-06-13
628,98,2024-03-14
895,33,2023-02-25
578,97,2023-03-10
819,160,2024-06-17
739,51,2024-11-22
678,184,2024-05-23
424,39,2022-12-21
188,177,2024-04-28
831,134,2023-05-07
677,76,2024-09-30
743,21,2022-12-30
200,151,2023-10-01
285,109,2022-09-07
969,104,2024-06-11
390,162,2024-04-29
332,41,2022-07-15
411,105,2024-06-18
202,111,2023-06-23
726,117,2023-01-15
618,26,2024-08-17
603,126,2023-02-15
791,97,2024-01-26
866,91,2025-01-04
495,184,2022-08-02
624,69,2024-03-05
972,29,2025-01-04
675,151,2023-02-16
412,186,2025-01-08
896,119,2022-08-25
842,148,2024-05-20
264,171,2022-12-26
545,41,2022-11-29
122,87,2025-04-21
799,186,2022-12-22
596,123,2022-09-07
228,105,2024-09-14
502,79,2023-12-28
275,37,2025-03-11
507,194,2022-10-17
991,127,2023-07-29
655,178,2022-12-01
178,104,2023-10-06
620,71,2023-09-16
667,3,2023-12-15
257,168,2023-08-30
686,16,2025-02-19
405,3,2022-10-07
873,108,2024-03-15
472,93,2024-01-18
349,22,2023-03-30
6,177,2024-01-25
631,86,2023-08-16
495,76,2025-06-03
90,27,2024-09-15
500,11,2024-12-19
76,92,2024-06-23
317,155,2022-08-01
410,117,2023-08-15
129,104,2024-03-01
671,158,2023-12-18
348,142,2025-04-02
862,134,2023-10-13
352,112,2024-01-11
990,140,2023-03-11
169,176,2023-05-25
570,191,2023-06-09
81,63,2024-08-31
67,165,2023-08-14
450,46,2023-08-30
839,7,2025-04-17
443,7,2023-08-27
59,161,2023-05-22
621,193,2024-09-09
373,91,2024-03-29
816,23,2024-08-17
940,175,2023-02-09
915,2,2024-06-06
572,157,2022-10-16
283,54,2022-11-17
55,10,2025-03-31
263,76,2024-11-18
383,68,2022-12-29
937,20,2023-01-13
521,191,2022-07-04
32,63,2024-07-11
492,164,2022-08-04
170,113,2022-12-11
325,136,2023-03-20
823,4,2023-02-08
867,190,2025-05-16
101,13,2023-04-20
465,30,2023-11-30
282,174,2023-12-28
93,158,2025-02-04
616,199,2024-10-09
273,125,2024-07-22
951,189,2022-10-16
689,40,2023-11-14
977,98,2024-04-20
58,57,2022-12-01
566,198,2024-09-26
278,60,2024-03-21
337,146,2024-03-28
344,5,2024-04-17
827,10,2024-03-07
290,34,2024-01-14
430,45,2024-05-30
898,70,2023-12-31
152,100,2023-01-20
305,50,2024-08-29
36,154,2022-07-07
264,161,2023-02-11
967,169,2023-10-02
94,95,2023-09-08
442,55,2024-09-01
920,57,2024-09-09
429,85,2024-07-29
945,1,2022-08-23
562,120,2023-07-02
891,30,2023-01-17
394,127,2022-12-09
682,36,2023-06-19
286,36,2024-02-02
63,144,2023-01-08
232,65,2022-09-29
560,196,2023-06-03
746,57,2022-08-05
933,112,2024-11-19
724,118,2023-04-08
894,41,2025-02-11
213,88,2025-02-25
602,49,2024-02-08
647,200,2022-06-18
299,11,2023-07-10
211,127,2024-07-10
217,58,2025-03-25
190,104,2024-12-25
560,52,2024-04-21
277,72,2024-06-08
499,36,2024-02-24
896,1,2024-04-16
351,58,2022-08-20
994,15,2023-08-26
926,109,2024-07-19
40,16,2022-12-12
683,122,2023-10-30
441,180,2023-10-07
857,9,2023-03-10
38,92,2023-02-19
810,163,2024-12-26
694,131,2025-06-08
70,124,2023-01-28
647,56,2025-01-26
35,166,2024-04-13
974,185,2023-08-12
115,46,2024-10-28
875,63,2025-05-02
416,123,2023-02-06
81,53,2023-11-28
18,113,2025-02-26
487,183,2022-09-15
722,86,2023-06-19
608,64,2022-10-18
527,139,2024-05-07
23,48,2024-01-31
567,32,2024-11-21
618,114,2024-12-08
309,182,2023-08-31
161,18,2023-08-25
167,98,2022-10-08
118,56,2023-10-04
641,97,2023-05-15
634,58,2024-10-14
721,126,2022-06-16
245,17,2022-09-05
699,187,2022-12-02
28,19,2023-12-22
611,74,2022-12-04
522,182,2025-02-26
473,140,2024-08-09
963,4,2022-11-29
734,181,2024-06-22
621,124,2025-01-01
695,73,2024-08-25
69,56,2023-02-16
438,39,2025-02-23
887,14,2023-11-03
703,193,2024-04-03
267,157,2025-01-09
322,93,2024-01-16
919,83,2023-06-07
401,157,2025-04-08
360,119,2024-08-30
11,51,2024-07-22
89,150,2023-09-04
869,82,2025-02-21
525,43,2023-12-08
216,111,2022-09-28
21,101,2022-08-02
905,184,2024-09-21
871,42,2024-08-16
630,65,2024-12-06
575,129,2022-12-16
803,136,2024-05-11
367,100,2025-04-05
804,101,2024-01-09
331,177,2025-01-09
646,189,2024-11-23
761,139,2023-03-14
344,116,2022-09-06
490,170,2022-11-02
650,79,2024-04-10
151,66,2025-04-29
97,95,2022-10-21
366,140,2025-03-18
855,39,2024-07-16
646,45,2023-07-07
203,113,2024-03-27
54,170,2024-03-12
691,196,2024-01-21
356,126,2023-03-13
981,35,2024-07-14
812,77,2023-07-04
201,189,2023-12-13
966,135,2024-08-28
281,32,2022-07-04
583,25,2024-08-08
232,176,2024-08-26
338,194,2024-07-23
681,188,2023-08-03
17,108,2024-07-17
976,185,2024-12-02
640,150,2024-01-22
236,146,2024-09-30
962,21,2024-04-16
647,46,2023-07-08
472,14,2024-12-11
316,175,2022-11-14
122,44,2023-10-20
571,136,2023-05-19
879,23,2023-12-23
765,1,2024-02-25
173,126,2025-04-24
790,94,2023-06-27
818,13,2023-02-15
963,102,2023-04-11
72,43,2023-10-05
660,101,2024-05-13
291,118,2024-09-30
821,18,2024-09-02
875,138,2025-02-11
835,102,2024-03-11
403,179,2024-04-12
442,107,2023-10-16
630,78,2024-05-03
858,85,2022-11-19
13,30,2024-04-22
441,62,2023-09-22
124,126,2025-06-03
426,19,2023-05-15
654,26,2024-09-30
560,19,2024-03-06
915,67,2023-08-24
551,50,2022-07-09
343,21,2022-06-20
410,74,2024-10-19
348,99,2023-10-30
589,162,2024-07-06
146,1,2023-12-13
482,99,2024-02-18
474,95,2024-07-06
515,96,2025-01-03
890,10,2023-04-23
266,66,2023-04-14
949,59,2025-04-26
486,69,2023-01-14
666,36,2024-04-12
65,161,2023-12-20
298,134,2023-05-13
185,77,2023-09-09
653,182,2023-03-08
943,21,2024-12-21
626,85,2024-01-05
731,138,2024-05-06
363,120,2023-01-28
491,40,2024-08-27
255,29,2024-01-24
791,152,2024-01-21
684,26,2025-06-12
132,187,2023-05-03
6,111,2024-03-17
107,14,2022-07-16
494,45,2023-04-29
385,138,2022-06-26
479,151,2024-04-09
639,140,2024-06-11
371,60,2024-01-01
189,83,2023-08-22
927,198,2022-06-26
109,60,2025-05-08
887,125,2022-10-23
779,34,2025-02-12
470,102,2022-07-20
911,190,2023-08-26
207,137,2025-05-04
448,163,2022-07-28
608,152,2023-08-28
635,26,2024-02-11
989,109,2025-02-28
740,191,2022-07-05
801,58,2024-02-02
886,16,2023-04-08
59,95,2024-12-15
615,47,2023-07-13
675,98,2022-10-08
514,1,2023-02-13
505,181,2024-02-15
619,166,2024-01-28
760,142,2024-02-14
417,68,2025-01-29
323,24,2024-11-13
811,107,2023-06-12
339,148,2023-05-16
331,144,2024-11-25
793,175,2024-02-09
289,147,2024-04-24
887,102,2024-08-31
524,50,2023-03-30
623,172,2025-01-07
729,190,2025-06-10
930,180,2024-02-12
851,36,2023-09-14
387,81,2025-01-19
782,165,2022-07-01
399,55,2025-03-26
565,167,2023-10-18
366,107,2023-07-27
705,98,2022-06-29
746,99,2022-06-16
933,105,2022-08-05
611,54,2023-06-29
880,99,2023-08-17
657,170,2024-06-28
919,27,2022-10-05
213,130,2025-02-13
466,81,2024-10-16
418,190,2023-07-11
504,193,2023-01-24
570,138,2025-03-10
685,125,2025-04-22
704,138,2023-08-14
342,51,2022-09-30
428,54,2023-03-29
965,179,2024-02-25
456,36,2024-12-06
809,11,2025-05-23
365,34,2024-06-13
230,75,2025-02-23
604,136,2023-05-04
355,106,2023-10-20
957,174,2022-08-11
441,29,2024-09-27
98,184,2025-03-13
493,76,2025-03-11
283,117,2024-06-01
156,125,2024-01-18
330,198,2022-12-10
832,179,2025-02-02
624,150,2024-11-12
188,114,2022-07-20
757,85,2024-05-07
86,66,2023-01-25
837,114,2023-07-29
185,188,2024-07-08
998,68,2022-08-07
37,61,2023-04-09
903,59,2023-05-06
923,154,2025-04-21
955,106,2023-03-19
518,105,2024-04-05
95,151,2025-04-09
196,54,2023-08-21
216,32,2023-04-12
967,80,2023-06-26
805,18,2023-09-21
622,162,2025-03-01
473,182,2023-08-29
224,152,2025-03-16
708,85,2022-12-13
244,130,2025-04-11
862,143,2023-08-04
238,56,2024-10-25
29,62,2022-11-01
780,110,2023-06-05
357,7,2023-06-28
147,197,2024-03-31
516,180,2025-01-26
732,33,2022-11-13
872,193,2025-04-02
524,184,2024-10-04
86,187,2023-01-03
763,57,2025-01-08
368,22,2022-10-30
654,150,2022-06-24
3,189,2023-03-01
555,28,2025-04-02
352,157,2024-05-25
68,169,2023-05-05
278,128,2024-11-01
667,169,2023-03-26
387,35,2023-05-18
44,41,2025-02-27
170,37,2023-05-14
182,11,2023-04-28
838,87,2024-10-23
623,162,2023-07-29
27,137,2023-02-15
456,134,2023-10-08
20,98,2022-12-20
133,155,2024-12-31
528,10,2024-11-28
131,194,2024-01-22
479,154,2023-05-24
962,122,2023-12-04
2,80,2022-09-13
994,191,2022-11-13
231,52,2023-06-15
89,48,2023-07-02
83,154,2022-10-05
384,2,2024-07-23
215,44,2025-01-15
771,182,2024-03-30
52,166,2022-06-19
656,52,2023-03-16
346,155,2022-11-02
983,181,2023-01-04
547,145,2022-09-24
225,94,2025-01-23
892,179,2025-03-30
799,100,2024-10-16
443,173,2023-03-02
480,91,2024-10-16
635,114,2022-11-19
111,108,2025-05-14
943,1,2023-12-10
163,155,2023-09-25
721,37,2023-04-08
14,175,2024-05-20
229,100,2024-08-25
713,33,2024-04-22
62,72,2024-02-15
27,114,2024-08-04
455,183,2023-06-03
992,122,2023-06-06
333,157,2022-12-31
970,103,2024-06-17
485,62,2022-12-19
203,47,2024-12-24
644,198,2022-11-16
645,163,2025-01-12
437,134,2022-10-05
114,118,2022-10-20
648,168,2023-12-18
495,75,2023-12-04
85,91,2024-04-19
72,121,2023-10-20
790,172,2022-08-14
681,122,2025-03-16
567,100,2024-01-16
250,15,2024-05-13
996,97,2023-07-19
284,157,2024-04-02
295,166,2023-03-26
679,12,2023-10-26
289,6,2023-04-07
994,24,2023-02-23
106,150,2023-07-22
87,137,2023-02-06
316,109,2024-10-09
25,162,2023-05-08
456,3,2025-01-28
771,15,2024-08-26
788,184,2025-01-06
17,78,2023-05-06
842,75,2024-12-15
445,110,2024-12-27
760,122,2022-10-24
406,2,2024-03-13
183,110,2024-07-24
182,145,2025-05-25
209,19,2023-11-01
80,97,2023-03-27
147,7,2024-12-30
38,137,2024-04-06
373,90,2022-07-26
124,60,2023-02-24
712,81,2023-12-27
271,79,2022-07-19
231,6,2023-01-15
22,12,2024-01-17
376,132,2023-09-20
658,110,2025-01-28
805,129,2022-08-30
516,26,2023-01-22
690,62,2024-12-06
674,54,2024-01-08
511,176,2024-04-04
746,79,2023-01-01
698,39,2025-04-07
739,40,2023-12-30
892,133,2023-12-22
703,117,2025-02-15
153,59,2024-11-22
615,4,2024-02-16
4,116,2023-07-07
983,171,2022-12-23
178,152,2024-02-01
815,178,2023-01-17
170,148,2023-04-24
527,40,2024-02-14
371,138,2023-01-03
16,90,2024-07-04
350,115,2023-05-25
861,65,2022-10-27
263,196,2024-07-12
834,48,2023-09-06
135,190,2024-12-13
779,112,2023-02-04
40,38,2023-06-09
621,169,2023-02-19
532,91,2024-11-22
204,146,2024-10-22
176,84,2022-08-09
868,46,2023-12-29
7,126,2025-01-17
933,26,2023-07-11
287,180,2024-07-06
958,119,2023-01-08
617,55,2023-04-18
514,79,2023-08-08
191,63,2022-09-20
460,108,2023-11-23
373,103,2024-09-06
789,18,2025-04-04
36,189,2024-03-26
691,120,2023-08-25
912,88,2025-04-02
67,33,2025-06-01
771,149,2023-02-17
964,135,2024-11-23
620,96,2022-11-12
640,74,2024-04-08
982,40,2023-03-24
136,132,2023-08-02
733,122,2024-11-02
188,179,2023-03-30
858,153,2025-03-05
959,56,2022-08-12
762,36,2024-03-20
229,67,2024-03-19
143,27,2022-07-17
658,64,2022-07-26
348,167,2022-08-07
148,142,2024-03-29
276,148,2023-06-23
730,89,2023-02-20
958,96,2022-07-04
513,91,2025-03-04
742,63,2024-12-14
465,163,2024-07-04
62,75,2023-06-24
759,152,2022-09-28
589,86,2022-09-17
6,143,2024-03-28
280,154,2024-06-12
30,122,2023-04-30
790,139,2023-04-27
137,105,2024-05-29
306,26,2023-08-17
539,85,2024-08-30
143,148,2024-01-01
413,9,2024-01-03
36,22,2024-04-24
464,91,2025-04-10
95,108,2024-12-21
1,64,2024-04-20
242,127,2023-10-30
550,14,2023-07-27
561,23,2022-12-20
433,103,2025-03-10
79,20,2023-07-27
10,149,2024-10-12
426,64,2023-12-05
3,110,2024-05-12
705,153,2024-03-02
392,71,2024-09-19
109,128,2022-11-01
551,95,2024-01-05
884,124,2022-10-15
306,147,2024-03-26
848,58,2022-12-29
833,158,2022-09-02
344,30,2024-09-09
919,118,2023-11-05
515,177,2024-01-27
294,29,2024-06-08
877,121,2024-06-11
782,112,2024-05-07
460,98,2022-09-05
774,108,2022-11-13
184,14,2024-01-16
317,49,2023-01-07
318,14,2024-04-12
303,114,2025-01-13
618,126,2025-02-24
154,171,2023-11-04
906,184,2025-03-27
684,71,2024-09-15
321,168,2024-01-16
720,173,2025-03-15
35,70,2023-03-30
719,28,2023-06-11
760,66,2022-10-02
706,95,2023-04-03
336,147,2025-03-26
670,172,2023-09-25
463,108,2024-09-26
456,188,2022-12-08
321,24,2025-06-10
962,200,2025-05-27
157,181,2022-10-08
130,164,2023-01-01
793,99,2023-02-09
215,122,2022-07-18
792,54,2024-01-15
59,140,2023-06-25
958,86,2023-10-05
776,46,2024-01-24
453,179,2024-10-12
769,7,2024-03-10
977,185,2024-04-14
473,8,2025-05-31
735,14,2024-12-16
672,74,2022-09-11
134,170,2025-04-17
209,84,2023-06-19
959,167,2022-06-28
920,59,2024-12-01
671,29,2024-09-01
979,145,2024-04-22
168,46,2025-03-16
320,180,2025-05-09
803,148,2024-08-13
286,38,2024-05-06
487,28,2022-12-15
347,54,2022-10-09
869,130,2023-11-10
713,111,2022-08-06
577,101,2023-05-27
142,30,2024-02-20
256,15,2023-09-25
416,4,2023-09-22
785,136,2023-01-29
462,120,2024-12-04
119,46,2023-07-30
319,71,2024-05-04
970,181,2024-06-05
816,123,2024-09-08
533,180,2024-01-27
863,55,2022-07-08
104,3,2024-08-15
203,125,2025-05-04
76,84,2022-06-29
580,112,2024-12-18
511,12,2023-05-30
806,195,2022-11-01
846,2,2023-08-22
927,76,2024-09-10
637,8,2022-10-27
400,181,2024-03-07
72,199,2024-10-25
898,49,2022-09-11
466,126,2023-03-15
366,188,2025-01-10
614,110,2022-10-31
955,174,2024-03-05
553,14,2023-11-17
96,184,2022-11-10
262,67,2025-01-20
436,103,2023-07-04
591,126,2023-03-09
865,137,2023-09-26
877,111,2024-03-06
151,199,2024-07-11
594,131,2023-06-10
232,44,2024-01-23
452,47,2022-10-04
464,58,2023-12-18
409,122,2022-10-28
878,155,2023-04-22
529,187,2022-08-21
100,10,2022-11-11
312,189,2023-02-03
595,132,2023-11-03
647,179,2023-08-28
210,141,2025-03-04
390,108,2025-04-03
914,114,2024-11-03
505,95,2024-01-18
8,192,2023-01-27
242,130,2024-09-23
275,127,2022-11-16
603,72,2023-10-11
46,75,2023-02-08
415,21,2023-07-03
151,91,2024-08-13
361,50,2023-08-29
112,20,2023-03-11
184,125,2023-07-08
43,149,2024-11-07
546,132,2022-08-21
230,12,2022-06-23
424,106,2023-06-16
579,129,2023-06-03
142,128,2025-01-28
603,108,2024-09-16
491,16,2025-05-15
282,22,2022-09-23
549,137,2024-05-09
173,115,2023-05-01
615,82,2024-06-14
722,65,2022-09-18
480,123,2023-06-17
145,53,2023-08-12
628,21,2023-08-01
77,147,2024-03-17
565,81,2024-02-28
47,155,2023-07-12
652,6,2024-10-28
382,145,2022-10-20
309,161,2023-08-06
214,152,2023-03-12
898,147,2025-04-29
132,199,2024-04-18
305,127,2024-06-08
647,156,2024-12-20
350,49,2025-03-10
281,178,2023-11-14
894,33,2023-01-01
570,52,2022-07-16
616,168,2022-12-06
986,116,2024-03-28
622,99,2025-06-12
92,19,2024-05-28
533,170,2023-09-08
346,164,2023-06-27
412,109,2023-03-16
672,185,2022-12-27
169,122,2022-09-14
946,79,2024-11-16
903,117,2023-03-24
467,81,2024-11-27
499,113,2024-07-03
216,90,2022-09-07
637,83,2025-02-19
475,21,2024-04-29
374,118,2024-07-18
12,31,2025-05-01
963,104,2023-06-05
158,85,2025-02-17
501,79,2023-06-17
802,7,2025-01-26
430,135,2024-05-11
249,123,2023-05-10
169,14,2024-12-09
235,188,2022-08-01
892,80,2023-07-30
175,174,2022-10-30
190,37,2023-01-09
188,113,2024-02-19
127,97,2022-06-17
213,57,2023-12-05
460,163,2023-02-05
278,186,2023-04-01
17,2,2023-12-01
794,188,2023-01-30
486,35,2022-11-10
357,150,2025-01-10
915,69,2025-01-27
377,128,2023-03-31
817,171,2023-03-27
187,4,2023-04-08
769,131,2022-10-21
844,45,2024-09-20
197,197,2023-02-22
323,193,2023-05-29
369,160,2023-02-02
55,113,2022-07-09
169,135,2023-09-10
805,53,2024-11-05
778,99,2023-09-17
751,82,2023-08-30
327,163,2024-07-16
380,175,2025-01-14
554,62,2024-06-07
654,149,2024-04-11
77,137,2025-05-08
465,133,2025-03-20
256,139,2024-03-01
14,197,2022-12-22
96,7,2024-01-25
886,126,2025-01-11
906,141,2025-04-09
569,190,2023-12-26
166,102,2024-10-01
587,95,2025-01-25
647,146,2024-09-19
821,33,2023-07-05
552,137,2025-01-08
216,188,2023-03-02
945,68,2024-12-13
5,4,2023-06-11
682,103,2024-09-13
427,142,2023-10-26
373,171,2024-12-29
197,174,2022-10-29
298,77,2023-04-03
855,31,2023-01-17
936,105,2024-05-19
498,22,2023-09-24
275,130,2024-02-11
759,63,2024-02-19
550,69,2022-10-25
27,28,2022-10-09
905,117,2023-08-10
938,65,2024-12-13
515,111,2023-04-09
829,158,2024-08-14
496,98,2024-12-10
990,112,2023-01-24
298,113,2025-04-19
71,71,2024-03-24
385,81,2024-09-25
91,49,2025-02-27
982,108,2023-12-23
970,17,2023-01-27
613,125,2023-11-13
125,42,2024-05-30
673,139,2023-07-14
892,34,2023-12-29
87,15,2024-08-26
468,152,2023-02-06
898,114,2023-04-23
232,24,2023-11-18
786,52,2022-07-01
96,20,2023-03-18
705,64,2023-02-25
946,190,2022-06-25
88,16,2022-06-29
993,122,2025-03-12
598,1,2025-04-13
934,36,2023-07-03
745,20,2023-12-29
859,122,2024-05-14
451,68,2023-09-18
336,81,2022-07-11
836,138,2024-02-03
956,91,2023-08-23
345,166,2023-07-03
520,18,2024-10-26
339,6,2025-05-13
391,53,2025-03-24
847,4,2022-08-29
746,101,2024-12-30
69,2,2025-01-16
215,56,2023-02-25
852,119,2022-09-17
657,172,2022-07-24
306,94,2024-05-31
64,152,2023-10-22
193,37,2022-11-09
493,186,2023-04-06
130,134,2023-04-18
90,61,2022-07-07
353,26,2024-07-30
399,142,2023-12-10
830,100,2024-03-25
511,54,2024-07-26
257,58,2022-10-03
356,180,2023-02-06
426,132,2023-04-08
58,114,2025-06-13
285,156,2023-03-06
77,127,2024-02-09
606,99,2022-09-06
432,175,2024-04-27
243,10,2024-08-07
411,152,2023-05-21
504,51,2025-04-27
764,127,2025-03-24
341,173,2022-11-21
776,101,2023-04-15
804,83,2025-04-24
956,68,2022-07-16
222,72,2024-08-24
475,109,2024-02-17
67,55,2022-11-28
494,122,2023-08-17
843,47,2023-03-23
192,86,2025-04-03
432,67,2023-09-04
36,67,2023-01-02
505,137,2023-07-30
707,6,2025-06-07
894,98,2024-12-24
476,110,2024-11-01
113,58,2023-01-05
550,59,2022-07-01
99,123,2024-12-14
147,163,2024-07-15
407,10,2024-06-23
797,165,2022-12-21
452,161,2022-10-03
226,84,2024-01-21
763,23,2024-04-27
828,3,2022-07-24
666,90,2023-05-16
288,175,2024-01-13
853,96,2022-10-02
638,28,2023-08-08
207,70,2022-08-10
622,20,2022-06-29
749,124,2024-02-04
830,198,2023-10-20
152,134,2024-05-31
607,40,2022-08-16
430,115,2025-03-31
108,64,2024-10-16
81,110,2022-07-20
779,3,2023-06-18
819,76,2024-10-31
470,71,2023-08-18
953,39,2024-11-11
887,94,2024-08-14
389,83,2022-08-31
608,121,2023-07-15
86,45,2023-09-07
809,111,2024-02-01
63,178,2022-07-20
983,147,2023-06-22
620,95,2023-11-19
266,12,2023-05-25
84,121,2022-08-20
566,124,2023-12-10
908,153,2022-11-12
712,178,2025-04-28
645,188,2024-02-23
418,146,2022-06-29
329,68,2024-11-07
33,155,2023-02-07
166,190,2023-11-03
751,26,2023-01-09
467,38,2024-10-16
607,161,2024-06-02
2,167,2022-12-21
819,197,2022-09-26
425,41,2023-01-25
195,73,2024-11-23
140,137,2024-02-26
254,159,2024-09-07
448,24,2023-11-15
360,140,2022-09-06
917,94,2023-08-17
371,186,2022-11-19
701,61,2022-10-25
175,131,2024-11-13
523,54,2023-03-21
893,2,2025-01-24
451,35,2024-08-02
576,66,2023-04-18
515,199,2023-09-05
690,51,2022-10-16
735,59,2023-12-11
28,197,2024-03-01
472,94,2024-02-05
899,161,2025-06-08
436,171,2022-08-29
671,74,2024-12-16
348,58,2023-10-27
60,149,2023-05-17
978,45,2023-09-05
112,196,2025-05-28
79,19,2022-11-21
298,57,2023-02-18
90,28,2023-05-12
405,40,2025-01-10
747,69,2025-04-01
834,37,2022-11-07
208,20,2023-07-16
919,32,2022-09-25
181,66,2023-08-25
568,183,2022-11-20
199,200,2022-12-31
166,23,2025-03-10
755,9,2023-04-07
163,134,2022-09-14
975,12,2025-04-26
712,47,2025-03-13
61,86,2024-06-13
230,44,2022-07-04
106,8,2023-04-09
246,168,2024-09-06
151,159,2023-10-17
266,146,2024-12-25
635,129,2025-02-08
722,97,2023-08-01
345,110,2022-07-10
191,52,2024-06-24
896,133,2023-09-20
613,190,2024-05-01
264,185,2023-05-28
54,83,2023-02-17
268,155,2022-11-06
939,131,2023-09-07
771,138,2024-05-30
254,28,2024-04-06
931,127,2023-05-10
193,161,2024-02-16
246,24,2025-05-14
515,32,2024-06-27
452,92,2023-04-08
358,85,2023-06-29
546,56,2024-07-13
350,81,2024-03-17
892,135,2023-07-05
670,171,2023-08-08
944,182,2022-11-07
858,142,2022-10-10
536,91,2024-06-16
100,55,2023-06-01
590,62,2025-03-31
487,86,2024-03-14
158,176,2024-12-24
488,51,2022-12-20
265,122,2023-09-30
453,93,2025-02-05
677,67,2025-06-08
399,122,2024-07-25
660,14,2024-08-26
673,96,2024-11-11
760,101,2025-02-09
914,159,2023-03-22
994,39,2024-02-15
619,125,2024-10-30
445,89,2025-03-07
999,117,2023-12-31
437,5,2023-09-20
25,177,2023-02-05
85,191,2023-08-05
797,168,2022-08-19
166,36,2022-06-26
513,80,2024-01-12
807,32,2023-05-23
981,105,2023-03-26
530,169,2023-12-28
488,172,2023-02-23
340,8,2024-12-01
186,99,2024-02-17
943,78,2022-09-21
197,108,2024-02-24
317,61,2024-03-03
800,29,2023-12-05
812,3,2024-04-25
33,122,2024-02-27
704,61,2022-09-17
500,2,2023-05-11
814,49,2022-08-10
458,185,2024-03-03
996,89,2024-08-19
128,130,2024-01-16
571,62,2024-12-04
248,46,2025-02-19
363,33,2025-05-19
804,184,2023-08-20
582,71,2025-05-05
897,83,2024-05-01
37,128,2024-12-15
272,31,2024-10-23
914,172,2025-05-24
378,12,2023-04-17
606,56,2023-04-06
392,96,2023-10-08
572,63,2023-10-21
435,137,2025-04-22
992,91,2023-12-20
832,102,2022-10-22
951,59,2024-03-06
847,118,2024-01-15
157,49,2023-05-31
714,3,2023-10-02
575,153,2022-11-25
112,163,2025-01-08
226,185,2022-12-17
58,192,2025-06-13
943,91,2023-01-20
138,72,2024-08-20
446,188,2024-07-07
357,110,2024-09-06
632,49,2025-01-20
95,110,2023-07-14
947,61,2023-06-11
61,197,2025-02-02
524,107,2024-09-27
531,3,2022-06-18
622,121,2022-07-08
313,189,2024-02-07
354,190,2023-08-03
218,180,2024-11-01
843,89,2024-09-08
970,193,2025-06-09
520,73,2023-10-25
580,124,2024-03-27
581,89,2024-04-16
655,38,2022-06-19
533,192,2024-01-08
719,53,2024-10-04
769,140,2024-02-28
855,63,2022-09-22
717,129,2023-03-19
946,101,2023-09-04
455,129,2022-06-18
783,74,2024-03-12
321,49,2025-01-09
989,179,2022-09-25
212,142,2024-02-28
902,31,2024-09-05
761,55,2022-11-29
276,163,2023-02-28
806,63,2024-07-06
496,166,2023-01-22
155,102,2023-10-29
643,185,2024-12-13
828,81,2024-06-22
519,149,2025-04-16
351,193,2024-03-09
821,42,2023-11-01
567,46,2024-08-09
625,167,2022-08-04
35,36,2022-06-25
464,70,2024-11-03
752,128,2023-06-20
583,170,2024-02-01
475,79,2024-12-25
503,61,2022-09-14
99,57,2025-01-07
568,127,2025-03-09
795,169,2023-09-25
259,195,2025-06-15
279,24,2023-08-15
667,20,2022-07-30
10,128,2022-07-11
950,192,2024-03-31
473,118,2024-12-23
331,34,2024-03-23
787,85,2023-04-15
183,56,2023-02-11
940,35,2023-10-05
355,19,2025-02-15
12,174,2024-08-16
952,9,2023-03-10
897,73,2023-10-17
520,86,2025-03-30
38,83,2024-01-10
621,138,2022-09-17
313,22,2022-09-25
854,111,2024-04-08
533,25,2024-05-23
384,82,2024-07-15
697,133,2023-06-12
576,23,2022-11-18
11,65,2024-03-05
662,175,2024-11-14
533,61,2022-11-27
768,193,2022-07-05
935,41,2024-05-12
103,68,2024-11-14
740,94,2024-06-13
175,173,2022-08-29
974,32,2023-01-24
677,191,2024-09-28
309,173,2023-04-16
107,38,2023-09-09
198,156,2023-10-18
815,124,2023-08-01
225,30,2024-03-06
881,106,2024-03-31
868,136,2023-04-22
853,7,2025-02-16
724,122,2023-04-11
280,2,2023-09-02
761,189,2023-10-13
823,21,2024-08-08
184,114,2022-09-28
655,28,2024-02-09
840,190,2023-04-04
826,26,2024-05-21
712,4,2022-07-03
330,88,2022-11-15
255,174,2024-10-06
912,178,2025-03-09
920,182,2024-07-09
283,156,2022-11-29
932,156,2022-11-13
455,119,2023-02-14
381,133,2023-10-18
669,191,2025-03-22
675,122,2023-04-28
989,169,2022-06-17
795,38,2025-05-04
803,42,2023-08-18
623,75,2022-07-22
432,135,2023-06-30
364,80,2025-02-12
479,67,2023-12-12
565,70,2024-07-09
994,104,2025-03-03
126,28,2023-11-10
17,158,2024-10-28
499,161,2023-07-13
655,149,2025-05-15
620,42,2023-09-10
849,14,2022-12-08
935,54,2025-03-31
309,186,2023-06-28
296,67,2023-10-27
388,150,2022-06-25
521,185,2022-09-19
180,121,2024-04-25
790,193,2025-06-07
5,3,2024-02-19
144,198,2022-11-15
647,181,2024-07-23
639,177,2022-10-11
867,184,2022-10-21
471,184,2023-09-17
565,191,2022-08-31
780,36,2022-12-26
495,132,2024-05-08
898,28,2023-06-09
784,6,2024-02-24
112,22,2023-04-26
841,131,2025-01-20
948,114,2023-08-25
919,87,2025-02-08
615,84,2022-08-21
389,7,2024-04-05
715,171,2023-02-11
609,10,2023-04-01
440,52,2023-09-06
514,38,2022-08-13
445,167,2022-11-03
519,116,2023-03-08
391,196,2022-11-20
134,162,2022-09-18
866,160,2022-09-22
900,73,2025-02-03
504,73,2025-03-06
857,111,2023-01-21
535,97,2025-03-02
844,178,2024-02-28
253,82,2025-06-05
730,156,2024-05-03
641,78,2022-08-30
118,37,2022-09-22
802,32,2022-07-18
224,55,2025-03-03
265,56,2025-04-18
539,67,2024-08-08
379,78,2022-06-28
325,107,2024-08-30
909,158,2023-10-06
787,52,2023-06-07
81,155,2025-04-28
47,13,2024-10-09
283,110,2024-08-24
839,99,2025-05-18
403,26,2023-03-26
503,113,2023-08-08
946,45,2022-08-05
251,194,2025-01-30
144,31,2024-06-02
446,24,2025-02-19
75,197,2025-05-23
42,20,2023-09-18
538,107,2023-02-10
275,142,2024-05-10
490,30,2023-08-09
27,40,2025-05-10
335,156,2022-10-11
555,196,2022-09-20
716,113,2023-03-02
513,50,2023-07-22
823,96,2024-08-12
460,44,2024-11-07
405,108,2025-05-28
236,150,2025-05-07
42,56,2023-05-20
553,6,2024-12-28
419,6,2023-03-27
40,95,2023-07-04
751,107,2025-05-04
548,156,2022-09-15
131,133,2025-06-15
331,158,2024-01-23
874,177,2022-12-11
592,199,2023-05-30
438,141,2022-10-05
533,113,2024-06-29
384,170,2024-12-07
619,36,2024-06-17
859,134,2023-01-02
436,180,2023-10-25
74,93,2022-06-20
133,179,2023-08-19
905,21,2023-09-17
965,72,2024-11-18
473,98,2025-04-05
211,98,2025-04-02
586,124,2024-10-21
330,55,2025-04-25
429,177,2025-01-09
781,107,2023-04-14
613,114,2022-09-07
485,194,2025-03-27
842,86,2025-02-03
304,182,2025-02-08
532,40,2023-09-07
465,99,2024-02-04
8,40,2023-12-27
836,42,2024-12-27
265,190,2024-10-28
628,13,2023-05-03
968,198,2023-11-09
969,163,2022-09-12
961,159,2022-12-07
149,15,2022-08-20
384,147,2023-01-29
73,105,2022-07-02
132,191,2023-09-11
234,59,2025-04-03
93,83,2024-11-15
321,127,2023-05-14
647,148,2024-02-25
977,23,2025-06-08
808,65,2025-05-18
941,100,2022-10-31
62,132,2023-05-25
392,7,2023-04-09
933,96,2023-01-31
551,31,2022-08-13
745,45,2024-08-19
729,37,2025-02-03
178,163,2024-09-19
735,117,2024-02-06
413,66,2025-04-19
974,133,2022-11-28
578,133,2023-06-19
892,180,2024-05-14
376,35,2024-12-26
993,3,2024-04-08
507,109,2024-09-16
877,57,2022-12-12
539,178,2023-03-24
171,160,2024-10-24
63,69,2022-07-04
706,175,2023-08-28
717,184,2024-07-12
114,34,2024-11-09
374,110,2024-05-20
963,96,2022-09-20
595,78,2022-10-29
622,32,2024-06-19
647,125,2024-04-17
278,142,2024-10-11
297,12,2024-02-05
893,37,2022-09-12
307,56,2022-11-23
871,98,2023-03-15
293,121,2025-01-10
368,72,2023-09-29
144,178,2023-05-18
286,82,2023-06-20
742,133,2024-03-20
151,37,2023-04-27
901,126,2025-01-29
114,155,2023-12-18
281,3,2022-12-28
805,9,2022-08-25
367,192,2024-01-03
939,9,2024-03-20
850,160,2023-09-19
79,54,2022-07-11
239,6,2023-09-03
782,25,2023-03-27
291,53,2024-10-11
893,158,2023-07-01
147,188,2022-10-01
726,130,2022-10-04
831,183,2022-08-02
960,68,2022-09-23
952,64,2024-11-25
214,98,2023-07-27
152,123,2023-01-16
367,48,2024-09-14
184,192,2022-09-14
874,144,2024-08-19
75,56,2023-03-13
242,53,2022-07-18
316,2,2024-07-31
469,95,2022-08-10
785,72,2024-04-15
45,33,2025-04-23
851,17,2023-09-23
588,52,2024-12-04
840,124,2023-03-05
216,180,2022-11-18
551,21,2024-08-06
411,10,2024-05-19
880,80,2023-12-21
657,151,2022-08-12
440,153,2022-08-19
4,117,2022-12-11
983,172,2025-06-15
130,113,2023-01-23
358,120,2024-03-28
827,190,2024-02-09
256,72,2024-03-26
724,177,2024-04-08
436,39,2025-04-30
622,166,2022-09-11
770,64,2024-11-17
46,119,2022-07-21
682,180,2022-06-30
916,118,2023-05-08
193,52,2025-04-07
991,32,2024-11-23
163,146,2023-03-06
337,182,2024-09-15
872,197,2023-12-12
415,101,2022-10-02
421,32,2024-12-03
172,194,2024-09-28
575,90,2024-02-14
990,189,2022-08-04
37,6,2024-09-14
439,86,2025-02-09
215,192,2024-09-23
216,157,2025-02-08
383,5,2022-12-03
999,8,2025-06-02
671,63,2023-07-09
308,11,2024-08-07
703,95,2025-05-22
472,119,2025-06-05
907,10,2024-08-15
757,102,2023-03-26
598,78,2024-03-14
433,127,2023-04-24
587,185,2025-05-23
493,178,2023-11-09
480,59,2024-01-11
57,105,2025-01-21
76,118,2025-03-21
833,97,2024-05-05
907,46,2022-09-08
933,184,2025-05-01
740,18,2023-06-24
751,64,2023-06-21
201,6,2022-12-14
37,163,2022-10-24
368,3,2023-11-15
184,182,2022-12-15
186,26,2024-01-16
406,29,2025-01-21
438,98,2023-10-15
383,162,2024-09-09
2,25,2023-11-14
973,113,2024-10-17
113,158,2024-04-02
624,108,2022-08-16
884,184,2023-02-19
180,68,2022-10-16
883,39,2023-09-14
843,3,2023-09-26
633,193,2024-02-11
97,33,2023-12-29
156,119,2024-10-17
203,51,2023-11-13
626,154,2024-12-16
432,23,2022-11-05
645,167,2023-01-24
652,63,2024-03-29
424,19,2024-09-23
323,116,2024-05-10
757,79,2023-08-11
261,141,2023-11-25
221,105,2024-10-12
394,176,2024-01-23
601,97,2023-11-29
359,155,2024-12-19
298,59,2022-07-30
21,196,2025-02-02
747,71,2024-02-19
351,71,2022-10-10
315,148,2025-03-01
799,81,2023-01-01
590,87,2023-04-26
717,128,2022-07-02
536,116,2024-08-16
448,3,2024-02-07
944,27,2024-10-22
674,166,2023-11-08
489,41,2025-05-14
138,192,2022-07-20
184,159,2022-12-19
131,67,2023-03-24
284,17,2025-01-22
665,117,2023-01-14
672,13,2024-10-04
26,130,2023-02-04
181,153,2023-08-23
596,103,2023-01-06
132,148,2025-05-14
944,63,2022-10-27
133,113,2024-03-18
641,25,2024-10-28
876,157,2023-08-11
259,109,2024-06-18
815,61,2023-08-09
170,31,2023-07-07
399,3,2023-10-28
371,21,2023-08-26
714,15,2023-11-15
216,147,2023-08-16
363,166,2023-10-13
215,2,2024-07-03
906,185,2022-08-27
86,37,2024-04-25
112,175,2022-10-23
675,23,2024-03-10
983,139,2025-05-27
506,65,2025-04-01
204,29,2024-07-18
150,58,2025-04-10
787,84,2025-04-14
779,80,2022-09-22
993,189,2022-08-15
857,179,2022-10-20
99,92,2023-09-04
44,156,2023-05-08
434,82,2022-11-22
82,39,2022-09-03
933,174,2023-11-24
356,162,2022-06-26
287,148,2023-01-18
474,154,2022-08-05
521,86,2025-04-12
755,24,2024-11-23
412,179,2024-01-09
264,164,2023-03-25
995,5,2024-10-19
344,44,2023-04-21
290,73,2023-02-03
337,5,2024-09-12
282,69,2022-10-17
864,196,2024-01-26
34,4,2023-02-14
502,72,2022-11-13
353,129,2024-01-30
401,26,2023-05-02
789,22,2022-08-27
620,64,2022-07-11
252,46,2023-05-12
754,64,2022-10-11
29,154,2023-09-24
109,34,2024-11-19
255,88,2022-09-05
142,31,2022-07-02
952,165,2025-01-11
664,27,2022-08-06
778,12,2022-10-04
776,168,2025-03-11
649,127,2023-08-03
199,156,2024-08-12
602,52,2024-09-29
756,110,2024-08-06
450,103,2025-06-04
379,123,2024-07-20
210,165,2023-09-02
767,119,2024-11-02
895,39,2023-02-24
814,51,2025-01-22
9,32,2024-04-19
183,68,2023-06-12
839,144,2023-05-21
772,54,2022-09-23
846,3,2022-06-19
66,157,2022-07-04
394,22,2022-10-23
385,53,2024-09-27
532,72,2025-03-11
861,131,2023-09-19
612,101,2024-10-05
176,65,2022-12-03
286,196,2023-12-22
916,183,2024-11-17
707,109,2024-10-25
311,109,2025-01-08
122,93,2022-10-28
282,82,2023-11-15
40,140,2024-02-10
791,188,2023-06-02
906,175,2024-10-01
489,152,2025-01-18
165,171,2022-11-12
837,75,2024-10-07
903,20,2025-03-04
774,135,2025-03-06
35,61,2023-06-12
295,137,2022-10-01
579,45,2023-02-27
894,57,2023-07-28
960,2,2024-02-22
407,198,2023-12-23
38,72,2023-06-25
862,104,2023-03-27
581,91,2023-08-02
317,161,2025-04-10
391,110,2022-08-04
222,152,2024-06-20
760,93,2024-04-02
257,30,2022-12-09
230,13,2024-08-28
538,129,2022-07-06
337,139,2023-05-06
766,136,2023-05-02
247,102,2024-09-24
844,92,2024-12-25
367,18,2023-07-26
636,26,2023-04-19
305,43,2024-10-10
955,188,2023-11-11
788,11,2022-07-26
424,143,2022-08-25
753,53,2022-10-05
685,184,2023-11-02
181,156,2022-08-22
880,14,2023-12-16
456,95,2022-10-28
616,84,2023-08-11
791,165,2023-03-31
448,91,2024-05-30
891,23,2024-01-19
440,87,2024-05-18
964,93,2023-02-22
331,180,2024-06-13
888,134,2022-08-22
606,156,2022-10-01
412,25,2023-05-30
252,36,2025-05-23
740,119,2024-01-17
632,28,2024-10-13
255,78,2025-02-13
281,179,2023-05-06
684,75,2022-09-03
179,168,2023-05-12
198,181,2024-12-29
118,72,2024-07-28
116,148,2024-06-21
277,65,2023-08-10
134,53,2022-12-10
384,48,2022-12-22
953,119,2023-03-27
872,131,2024-09-16
100,60,2024-07-06
682,150,2023-08-31
897,75,2022-11-24
62,33,2023-10-23
275,177,2024-02-14
416,116,2024-12-15
422,196,2025-06-12
806,42,2023-10-20
373,74,2023-09-28
828,60,2022-11-12
775,54,2023-10-17
238,115,2025-02-18
518,20,2024-07-03
484,27,2022-11-20
589,80,2025-04-17
381,14,2025-01-13
99,36,2024-07-29
198,158,2025-04-14
701,141,2023-01-30
761,155,2024-02-07
786,99,2025-03-21
8,183,2023-11-19
779,60,2024-07-13
624,186,2023-07-13
677,49,2022-10-31
482,102,2025-02-18
146,4,2023-10-01
401,114,2023-12-20
151,82,2023-11-18
588,120,2022-08-12
935,164,2025-02-21
929,4,2024-07-15
255,176,2024-11-05
216,68,2024-01-03
603,99,2025-04-06
759,87,2025-06-09
252,170,2024-03-25
110,86,2023-02-27
619,192,2022-08-18
410,198,2023-06-17
671,10,2023-07-27
456,85,2023-02-28
272,121,2022-06-22
735,31,2024-10-26
130,37,2024-07-08
666,160,2025-04-15
639,143,2024-04-07
96,44,2022-11-21
579,12,2023-01-21
369,53,2023-09-17
878,159,2022-09-15
442,123,2025-03-03
402,50,2024-03-30
685,30,2023-10-21
367,129,2025-04-23
562,188,2024-10-14
925,11,2023-05-26
31,143,2024-07-02
554,184,2024-09-01
10,120,2023-09-09
105,129,2022-08-18
270,196,2023-11-17
446,13,2024-03-29
760,60,2023-11-05
719,22,2024-08-02
900,183,2023-06-28
593,32,2022-12-07
54,163,2025-01-03
981,28,2024-03-20
651,153,2025-01-16
66,137,2023-03-07
710,59,2024-10-19
440,198,2023-03-27
778,77,2024-12-28
247,69,2023-11-20
770,73,2025-01-13
125,43,2024-09-14
540,56,2022-11-05
799,33,2024-08-22
786,197,2022-12-30
633,104,2024-07-28
753,20,2022-12-25
604,77,2024-05-21
845,103,2023-11-26
744,200,2022-10-10
677,147,2022-09-06
327,177,2023-11-07
474,196,2023-07-27
814,152,2025-02-12
277,176,2023-09-25
566,50,2022-10-26
197,67,2023-12-07
255,45,2023-09-22
811,146,2022-08-17
92,167,2023-05-04
333,193,2024-04-21
636,114,2024-02-01
950,161,2022-10-18
715,29,2023-04-05
515,4,2024-02-11
331,3,2024-03-09
277,32,2023-02-26
885,68,2023-07-31
19,182,2025-04-11
657,173,2024-12-17
340,88,2025-04-28
301,17,2022-06-24
373,185,2024-03-17
675,78,2024-11-15
338,164,2023-01-07
841,110,2025-02-24
264,98,2024-09-11
289,42,2025-06-10
208,54,2025-05-29
904,166,2024-11-03
172,131,2022-07-01
20,3,2025-06-12
319,150,2025-02-15
405,110,2023-01-04
874,143,2023-08-25
835,72,2023-12-11
780,136,2022-09-08
725,200,2023-09-21
786,30,2022-07-13
304,27,2022-09-02
672,45,2023-11-07
140,184,2025-02-12
395,145,2022-07-07
510,132,2023-02-07
609,25,2025-06-13
809,50,2023-08-28
601,21,2023-01-14
532,150,2025-02-12
995,60,2022-07-29
445,2,2023-06-26
108,88,2022-06-27
356,73,2022-07-22
590,11,2024-03-16
307,68,2023-01-30
997,106,2023-09-11
957,33,2023-10-31
184,83,2023-03-21
600,61,2023-04-18
163,60,2024-03-10
801,51,2025-01-05
646,28,2025-01-16
41,183,2023-10-11
926,82,2024-02-23
107,128,2024-10-20
13,121,2023-10-03
496,89,2023-03-07
327,131,2024-02-14
133,37,2024-01-28
352,75,2025-04-30
338,177,2022-07-21
828,4,2023-08-25
445,123,2025-03-30
42,35,2023-03-28
996,146,2022-12-04
605,32,2023-07-04
711,13,2024-08-22
46,154,2024-11-28
488,121,2024-02-08
247,144,2022-10-13
38,150,2024-04-07
185,83,2024-09-02
575,89,2023-02-17
77,141,2023-11-04
438,120,2022-12-06
767,30,2024-09-23
706,200,2022-12-30
295,71,2025-01-14
410,21,2022-12-08
187,129,2024-03-04
73,107,2024-12-03
945,36,2023-02-14
408,97,2024-05-30
79,187,2023-05-09
782,158,2024-10-09
942,147,2024-11-27
560,2,2022-08-20
779,40,2024-12-12
128,79,2024-08-11
766,70,2023-10-25
456,173,2024-05-23
106,140,2024-12-05
683,72,2023-10-26
964,171,2022-12-15
997,119,2024-05-22
507,75,2023-07-11
43,120,2023-01-27
935,144,2023-12-04
551,118,2024-04-29
524,164,2024-05-02
799,103,2023-07-30
805,34,2023-10-25
172,121,2022-06-16
368,182,2025-01-12
100,102,2023-10-05
925,99,2024-11-26
165,82,2023-09-17
877,59,2023-12-10
655,95,2023-07-19
445,136,2023-09-11
988,155,2025-01-25
874,133,2022-12-18
384,126,2024-02-04
899,77,2024-06-13
563,128,2025-03-22
773,87,2024-02-25
756,34,2024-12-25
105,73,2022-12-21
815,83,2022-08-05
277,179,2023-01-06
170,53,2022-09-09
552,118,2023-07-28
775,47,2024-12-06
115,117,2023-05-10
658,136,2024-11-23
922,66,2024-04-25
127,91,2023-04-18
114,121,2024-01-31
148,34,2025-03-13
616,139,2024-03-17
785,97,2022-12-22
676,190,2022-12-04
549,49,2025-04-30
555,129,2023-03-14
634,44,2022-12-22
789,67,2025-04-30
57,32,2023-03-11
734,131,2022-08-28
720,196,2022-12-01
935,121,2023-07-31
204,51,2024-05-30
90,29,2023-06-14
21,195,2025-01-06
364,3,2022-08-20
704,108,2024-04-23
850,162,2024-08-23
334,17,2025-06-04
991,21,2023-04-22
895,84,2024-11-04
91,30,2024-07-03
680,16,2022-07-22
303,29,2025-01-08
717,163,2024-03-13
114,13,2024-11-23
409,47,2024-11-18
45,179,2023-04-24
971,79,2024-10-21
165,95,2024-04-29
326,49,2024-09-20
367,50,2023-03-12
306,183,2025-01-30
144,121,2023-05-04
10,41,2023-03-12
976,14,2025-03-19
820,175,2024-03-25
478,146,2022-11-07
639,100,2024-11-21
915,184,2022-07-15
22,15,2024-02-24
241,90,2024-09-04
730,138,2025-06-15
608,112,2023-02-23
205,24,2022-11-01
950,141,2025-05-09
742,112,2023-04-07
534,83,2023-04-08
9,198,2022-12-10
714,50,2024-03-12
337,63,2023-10-15
228,156,2023-06-16
276,53,2024-04-01
